0,Frostblade Scroll,175,123,1,1024,2,0,0,1,0,0,0,0,0,0,0,0,0,0,0,30,0,4,0,1,1,1,0,0,0,0,0,0,0,0,0,1,4,QViRCtA0ryqL/xDkUdi7xSPT4sqr7tUZuiFro83HW4Y=
1,Gauss Rifle,178,1500,0,101,32,0,0,0,0,0,0,0,0,0,0,0,76,69,0,0,0,0,0,25,25,0,0,0,0,0,0,3,10,0,0,6,0,aLemfqCq6NH7ABnHHcc9UfLr5gmXscBlrmqfnEtZlLs=
2,Goblin Ring Half,200,9999,0,0,0,0,0,0,0,0,0,0,0,0,0,0,0,0,0,0,0,0,0,65536,65536,0,0,0,0,0,0,0,0,0,0,99,0,XCnBE4+XlscwlB0omst8w/o1xQDzp42afunX2gSBhTU=
3,Gold Horn,175,2500,0,0,0,0,0,0,0,0,0,0,0,0,0,0,0,0,0,65536,0,0,0,12,12,0,0,0,0,0,0,0,0,0,0,2,0,oSraGXnXt8QABwyS8mzGZiT5/+xy47hbpIz0/EBSthQ=
4,Gold Horn,175,2500,0,0,0,0,0,0,0,0,0,0,0,0,0,0,0,0,0,1,0,0,0,1,1,0,0,0,0,0,0,0,0,0,0,2,0,UTF06BqIxoI9bW+vHbK5d18LhJ5COV5fzeLaixMxA7w=
5,Gold Silk Pantaloons,180,125,0,0,0,0,0,0,0,0,0,0,0,0,0,0,0,0,0,0,0,0,0,1,1,0,0,0,0,0,0,0,0,0,0,3,0,8O221JxUAERKmYz1BJbicAIkDfCjxPjbWuACqNUfP34=
6,Golden Apple,200,9999,0,0,0,0,0,0,0,0,0,0,0,0,0,0,0,0,0,0,0,0,0,1,1,0,0,0,0,0,0,0,0,0,0,99,0,fC2VMqXxhfSGyvWXdDb4iXO/aBnDKJ81CgJgGMR3Swg=
7,Golden Greaves,177,212,0,3,0,0,0,0,0,0,0,0,0,0,0,0,1,1,0,0,0,0,0,26,26,0,0,0,0,0,0,3,0,0,0,5,0,tPDpnUQhukN9A+dlSsLOpfedefPPU1gBb/k6DiS72Vk=
8,Green Cap with Feather,180,12,0,0,0,0,0,0,0,0,0,0,0,0,0,0,0,0,0,0,0,0,0,1,1,0,0,0,0,0,0,0,0,0,0,0,0,zGzZdj4T7/qz7GUp5GL6tlSYS2Cb0XpHzQI1Pznfe/M=
9,Green Cotton Skirt,180,22,0,0,0,0,0,0,0,0,0,0,0,0,0,0,0,0,0,0,0,0,0,1,1,0,0,0,0,0,0,0,0,0,0,0,0,Ak0t9ujZdMqXNMOzAPOHI+dw3B5JMUOYelmiAYWPhyM=
10,Guild Ring,201,9999,0,0,0,0,0,0,0,0,0,0,0,0,0,0,0,0,0,0,0,0,0,65536,65536,0,0,0,0,0,0,0,0,0,0,99,0,UASDr14yEwZm1sJvzmgnAmCbL5ZPDEmAxMJnFPORlOk=
11,Healing Wand,175,267,0,0,0,0,0,0,0,0,0,0,0,0,0,0,0,0,0,0,0,0,0,1,1,2,0,0,0,0,0,0,0,0,0,1,0,cSh9U26mNxm015XpGLIpjaW+6nddYTVh/4iWmRUbw/c=
12,Heavy Leather Jacket,180,82,0,3,0,0,0,0,0,0,0,0,0,0,0,0,1,1,0,0,0,0,0,1,1,0,0,0,0,20,0,0,0,0,0,0,0,OA63B07U8cdIAq7Zfbr2DrlnXVYThANKsBICHdLSOv8=
13,Helm Of Light,177,450,1,3,8,0,0,0,0,0,0,0,0,0,0,0,1,1,0,1,0,65536,0,50,50,4,0,0,0,0,0,0,0,0,0,99,3,Akl/rtbHfDG/kOWs6ce14ZnH5d77ZxMfGOMz8EQLEiM=
14,Ace Of Cups Card,175,350,0,0,0,0,0,0,0,0,0,0,0,0,0,0,0,0,0,0,0,0,0,1,1,1,0,0,0,0,0,0,0,0,0,2,0,CqqISfZw1W3LF6RwPhhdTlW3br6qwkIMqCsBcgAFYmI=
15,Ace Of Pentacles Card,175,350,2,0,0,0,0,0,0,0,0,0,0,0,0,0,0,0,0,0,0,0,0,1,12,1,0,0,0,0,0,0,0,0,0,3,0,wueWBKNE1mHw8HcXcdr9AnyrODW/yBkolvEJotBpRWY=
16,Ace Of Wands Card,175,350,0,0,0,0,0,0,0,0,0,0,0,0,0,0,0,0,0,0,0,0,0,1,5,1,0,0,0,0,0,0,0,0,0,2,0,3rRRQoR5n6ARjpEJCPHOK0vG2fIpXaMVMVFK/1ANPRg=
17,Amber Eye,175,450,1,0,0,0,0,0,0,0,0,0,0,0,0,0,0,0,0,56,25,0,0,12,1,3,0,0,0,0,0,0,30,0,0,2,2,/S+R1G0p86JA/wOgiUI2A7Vd3PwNvF08WK+4S2poW3o=
18,Amethyst Rod,200,9999,0,0,0,0,0,0,0,0,0,0,0,0,0,0,0,0,0,0,0,0,0,65536,65536,0,0,0,0,0,0,0,0,0,0,99,0,GO8LUub+ntO+H26lg2xjGbY/xAEZ3BP6/bQI4W41pgU=
19,Banded Breastplate,177,127,0,3,0,0,0,0,0,0,0,0,0,0,0,0,1,1,0,0,0,0,0,32,32,0,0,0,0,54,0,1,0,0,0,3,0,YK9Sf2vUjGzBGTBm4E7TLBTy7UNE101rNrokWqN/JhY=
20,Banded Gauntlets,177,127,0,3,0,0,0,0,0,0,0,0,0,0,0,0,1,1,0,0,0,0,0,32,32,0,0,0,0,9,0,2,0,0,0,3,0,Xtwj9n+Sl70D8KbHyq+1DTKDEPXw9sBEeac90jZW4YE=
21,Banded Greaves,177,127,0,3,0,0,0,0,0,0,0,0,0,0,0,0,1,1,0,0,0,0,0,32,32,0,0,0,0,18,0,1,0,0,0,3,0,lXS+aTB9Cy92LzSyrRjwGrn8aNxxZ99+O3Y+QsYe6ZQ=
22,Banded Helmet,177,127,0,3,0,0,0,0,0,0,0,0,0,0,0,0,1,1,0,0,0,0,0,32,32,0,0,0,0,9,0,0,0,0,0,3,0,4MCy1SJynMe9HP32fACy3GOTLqJr602Xr8l04pXZydc=
23,Bare Hands,178,0,0,1,0,0,0,0,0,0,0,0,0,0,0,0,0,1,0,0,0,0,0,65536,65536,0,0,0,0,0,0,0,0,0,0,99,0,uC8R7gsuvy7kvVjVpSeWD7f6KD1cFPBik5XOmvbxJ0U=
24,Battle Axe,178,77,0,48,0,0,0,0,0,0,0,0,0,0,0,0,27,15,0,0,0,0,0,25,25,0,0,0,1,7,0,2,255,0,0,0,0,0wJ4ictdfoSdVDPlk5QZmm0M1ytKMNFeqjGYh+2D1sE=
25,Battle Hammer,178,77,0,10,0,0,0,0,0,0,0,0,0,0,0,0,0,15,0,0,0,0,0,25,25,0,0,0,1,8,0,2,255,0,0,1,0,28fV91+0TJz3Ln/mmwNjFqv37o5/JeKOjKVXXSDfvx4=
26,Beam Weapon,178,8500,0,2976,0,0,0,0,0,0,0,78,0,26,0,0,0,0,0,0,0,0,0,12,12,0,0,0,0,0,0,3,10,0,0,6,0,ug8DgP7V8nyt9Ie4+C+SOiwxO5zF9Z8LBTA5TaYYtqA=
27,Black Cotton Partlet,180,26,0,0,0,0,0,0,0,0,0,0,0,0,0,0,0,0,0,0,0,0,0,1,1,0,0,0,0,0,0,0,0,0,0,0,0,lOk+ksLiNHEkiB66B01tU30Zl4QJuYQf7jnUOKcLGRI=
28,Black Silk Kimono,180,85,0,0,0,0,0,0,0,0,0,0,0,0,0,0,0,0,0,0,0,0,0,1,1,0,0,0,0,0,0,0,0,0,0,2,0,G+YzOK60fdK6gSVnLkN2SwLyRJInwV2CqI1p6XQ/mG0=
29,Black Woolen Breeches,180,22,0,0,0,0,0,0,0,0,0,0,0,0,0,0,0,0,0,0,0,0,0,1,1,0,0,0,0,0,0,0,0,0,0,1,0,BdOgg4Iyi1H0LUfvP4GkeTFMNfygkD2GT3jfLu6hXWc=
30,Blue Pearl Dagger,178,378,0,20,0,0,0,0,0,0,0,0,0,0,0,0,26,0,0,0,0,0,0,12,12,0,0,0,0,0,0,1,255,0,0,4,0,cf89Kf7lQAq5Ry71xxtRLK158oh7jxdgeKV7MLnghN8=
31,Blue Suede Shoes,180,92,0,0,0,0,0,0,0,0,0,0,0,0,0,0,0,0,0,0,0,0,0,1,1,0,0,0,0,0,0,0,0,0,0,3,0,hdqTLup4tWFdTnJghaX0xZ5pOyg1qJcLe6ncnAt1qaU=
32,Blue Woolen Sweater,180,62,0,0,0,0,0,0,0,0,0,0,0,0,0,0,0,0,0,0,0,0,0,1,1,0,0,0,0,0,0,0,0,0,0,0,0,6m9IURfX6Up9aUCzk9/b8ixbXzuV4CACqpetOfYRlR4=
33,Bronze Bracers,177,275,0,3,0,0,0,0,0,0,0,0,0,0,0,0,1,1,0,0,0,0,0,45,45,0,0,0,0,0,0,0,0,0,0,4,0,d2v6Dne/6G1AixfR+IpEI1CvDlqPqMKW/Y8cYo9pOdg=
34,Bronze Breastplate,177,275,0,3,0,0,0,0,0,0,0,0,0,0,0,0,1,1,0,0,0,0,0,12,12,0,0,0,0,0,0,1,0,0,0,4,0,SX+vwW2xCJBHY/cYs/RcqzrhFgBA6RGPscZ2xYgCKN8=
35,Bronze Horn,175,2500,2,0,0,0,0,0,0,0,0,0,0,0,0,0,0,0,0,5,0,0,0,5,12,0,0,0,0,0,0,0,0,0,0,2,0,amURHiHrmuNx6uQ89IeNQ0TTF4vN2KbW1ZR9/aFQ9SQ=
36,Brown Cotton Breeches,180,32,0,0,0,0,0,0,0,0,0,0,0,0,0,0,0,0,0,0,0,0,0,1,1,0,0,0,0,0,0,0,0,0,0,0,0,mJfgJu0dBz2kf2ZD/5Ll/DLm/tzjzicVqwvymKksjg4=
37,Chainmail Coat,177,250,0,3,0,0,0,0,0,0,0,0,0,0,0,0,1,1,0,0,0,0,0,54,54,0,0,0,0,48,0,1,0,0,0,1,0,KmxKY0vF7MPvtAMgXJPfdnSnRjE8/OInOWc1BygjO8Q=
38,Chainmail Hood,177,225,0,3,0,0,0,0,0,0,0,0,0,0,0,0,1,1,0,0,0,0,0,54,54,0,0,0,0,8,0,0,0,0,0,1,0,r7F15DhHhnpt4lmprd5M5r8eLG6LjnFSrYssP/QxKT4=
39,Chainmail Leggings,177,235,0,3,0,0,0,0,0,0,0,0,0,0,0,0,1,1,0,0,0,0,0,54,54,0,0,0,0,24,0,3,0,0,0,1,0,6FqKfdPb/c5fRwMNGYC8e/VRyYSwpWHhSjx+O9o8smk=
40,Chaos Club,178,49,0,8200,0,0,0,0,16,0,0,0,0,0,0,0,0,16,0,0,0,0,0,12,12,0,0,0,0,0,0,1,255,0,0,3,0,0MkcpxDyKfA0tm1NZQKACdDMsuSrGuzceL0vra9OrfQ=
41,Cheap Black Jerkin,180,15,0,0,0,0,0,0,0,0,0,0,0,0,0,0,0,0,0,0,0,0,0,1,1,0,0,0,0,0,0,0,0,0,0,0,0,+X6fNHbMQ3zEhBV3aZ9wPR0MJDDyq1Uw9krkXSAuOaI=
42,Cheap Gold Wool Toga,180,75,0,0,0,0,0,0,0,0,0,0,0,0,0,0,0,0,0,0,0,0,0,1,1,0,0,0,0,0,0,0,0,0,0,2,0,m+sQdgyviV9+Q6DqXo/DEByUtnpoE8ld9LaWLexSsYM=
43,Cheap Gray Silk Hat,180,38,0,0,0,0,0,0,0,0,0,0,0,0,0,0,0,0,0,0,0,0,0,1,1,0,0,0,0,0,0,0,0,0,0,2,0,6cY1RrJVItdXBhBhRkFK6yIYnGJBwT8ZoezNL7Oh6Jg=
44,Cheap Robe,180,20,0,0,0,0,0,0,0,0,0,0,0,0,0,0,0,0,0,0,0,0,0,1,1,0,0,0,0,0,0,0,0,0,0,0,0,Wkm6Ou9itKn3x69lDRFGPnvmc9f2eLCwdvE1cFmxF3w=
45,Cloak Of Levitation,180,600,0,3,64,0,0,0,0,0,0,0,0,0,0,0,1,1,0,0,0,0,0,1,1,4,0,0,0,0,0,0,0,0,0,6,0,l+PC/GIS6ydalzCFZAkQcu3UUbofokCEeEWGQ0xMN0s=
46,Clout Scroll,175,650,0,1,0,0,0,0,0,0,0,0,0,0,0,0,0,1,0,0,0,0,0,1,1,1,0,0,0,0,0,0,0,0,0,3,2,6+e0RX9waOWQ6PX/Evq/2wA33B4EWikrXfHCUZ+ZkUE=
47,Cold Wand,175,700,108,1024,0,0,0,1,0,0,0,0,0,0,0,0,0,0,35,0,0,0,0,12,12,2,0,0,0,0,0,0,0,0,0,2,0,GAKjRqe933l2EU1Jh/jox2lxdXNv9HYVvT+XhdTcPKI=
48,Crossbow,178,99,0,18,0,0,0,0,0,0,0,0,0,0,0,0,17,0,0,0,0,0,0,25,25,0,0,0,0,0,0,3,10,0,0,5,0,Cg+qSQKQKKXyfFpgI1VWoImZR5VRFjIUzIU9WpK8bho=
49,Crystal Belt,180,450,0,0,0,0,0,0,0,0,0,0,0,0,0,0,0,0,0,0,0,0,0,1,1,0,0,0,0,0,0,0,0,0,0,4,0,4uYfNy0UovI4qZr5a9SFMcaK6ae2e56yA1i2s5yDoqU=
50,Crystal Breastplate,177,480,0,3,0,0,0,0,0,0,0,0,0,0,0,0,1,1,0,0,0,0,0,18,18,0,0,0,0,0,0,1,0,0,0,5,0,Suwj6b7p8yj6vl9/W8c4ko/BbHQ3TLMOJ0NcBq1L0qk=
51,Crystal Gauntlets,177,460,0,3,0,0,0,0,0,0,0,0,0,0,0,0,1,1,0,0,0,0,0,18,18,0,0,0,0,54,0,2,0,0,0,5,0,LQXzsx/fNfLDnZncCIO/9o40TFnDdqBwGmzj+ThCGUo=
52,Crystal Greaves,177,460,0,3,0,0,0,0,0,0,0,0,0,0,0,0,1,1,0,0,0,0,0,18,18,0,0,0,0,9,0,3,0,0,0,5,0,PodCud0ArDEM68chbH8tg71QhdFizKLgD9Pr9owFbsQ=
53,Crystal Helmet,177,460,0,3,0,0,0,0,0,0,0,0,0,0,0,0,1,1,0,0,0,0,0,18,18,0,0,0,0,9,0,0,0,0,0,5,0,KXRKbFulNcWPgGr26TPKZ+/Ask1Gkcz3UIIkYPmd/bY=
54,Crystal Shield,178,410,0,38,0,0,0,0,0,0,0,0,0,0,0,0,18,15,0,0,0,0,0,15,15,0,0,0,0,0,0,1,255,0,0,5,0,6bZCxxmmnu1hE9z2AwcQpGjCtnz0D5JEYRXXBApuf+E=
55,Cuirbouilli Helm,177,47,0,3,0,0,0,0,0,0,0,0,0,0,0,0,1,1,0,0,0,0,0,37,37,0,0,0,0,0,0,0,0,0,0,0,0,jkz/uD0VC1msWgPl27zt3vbxp4JvCv5a6gypdmyTQUY=
56,Dagger,178,27,0,12,0,0,0,0,0,0,0,0,0,0,0,0,18,0,0,0,0,0,0,19,19,0,0,0,0,1,0,1,255,0,0,0,0,iVqCSSeZEZ7/wQ6BxN7Rh9/RZoyVv2j/FSFflRJTKOk=
57,Death Card,175,900,0,8191,0,1,1,1,1,1,1,1,1,1,1,1,1,1,250,0,0,0,0,12,12,1,0,0,0,0,0,0,0,0,0,5,0,ANq+6+34+iDvy0l+2ZRgQln4uAt+hpn3NydbGSetFio=
58,Dirk,178,67,0,16,0,0,0,0,0,0,0,0,0,0,0,0,16,0,0,0,0,0,0,25,25,0,0,0,0,0,0,1,255,0,0,0,0,26qYwdBq2NluxLhSptQ5YsFtFr9QJlaK4Ay0VrgrQvI=
59,Dragonskin Hauberk,177,196,0,3,0,0,0,0,0,0,0,0,0,0,0,0,1,1,0,0,0,0,0,68,68,0,0,0,0,0,0,1,0,0,0,4,0,vMRFwMPHw1mR7Y73ZgXO/VUum/0fSzvgp8A3fScCZbA=
60,Elfinmail Coat,177,382,0,3,0,0,0,0,0,0,0,0,0,0,0,0,1,1,0,0,0,0,0,39,39,0,0,0,0,24,0,1,0,0,0,5,0,XtT9eefd/olmABd/iPp+kAGm5ZlveWDHYscREwEep/w=
61,Elfinmail Hood,177,382,0,3,0,0,0,0,0,0,0,0,0,0,0,0,1,1,0,0,0,0,0,39,39,0,0,0,0,4,0,0,0,0,0,5,0,C82RdSPFphuzVRpxUoUgtP2Xw9SCNjzjPVazYya2EeQ=
62,Elfinmail Leggings,177,382,0,3,0,0,0,0,0,0,0,0,0,0,0,0,1,1,0,0,0,0,0,39,39,0,0,0,0,12,0,3,0,0,0,5,0,uUSHVHSHgAMHxw49wtV9/ARCbMn+pkQTpA70RUrvZr8=
63,Elven Boots,180,156,0,0,0,0,0,0,0,0,0,0,0,0,0,0,0,0,0,0,0,0,0,1,1,0,0,0,0,0,0,0,0,0,0,4,0,vO4KX7WzrO9r9GSTSdLyPGgHpuSJN6w7hbJT+RKFuDU=
64,Elven Cloak,180,170,0,0,0,0,0,0,0,0,0,0,0,0,0,0,0,0,0,0,0,0,0,1,1,0,0,0,0,0,0,0,0,0,0,4,0,Fk54sMgw0aM3o4OTtwdRW3K4QyfHykGzZMCHE++ZT4o=
65,Emerald Eye,175,540,8,32,0,0,0,0,0,0,0,0,1,0,0,0,0,0,0,56,25,0,0,12,12,3,0,0,0,0,0,0,30,0,0,2,2,ywciq6jXcXQZdOF4VRX3dNvARc97dfz3AU/SIK1/5mA=
66,Eye Of Vulnerability,175,600,8,0,0,0,0,0,0,0,0,0,0,0,0,0,0,0,0,56,0,0,0,12,12,3,0,0,0,0,0,0,30,0,0,2,2,JgBmC9nJ6MOr5liokahCT9m/lfzhzxf6GdOgynBljnQ=
67,Fine Purple Fur-Lined Shirt,180,67,0,0,0,0,0,0,0,0,0,0,0,0,0,0,0,0,0,0,0,0,0,1,1,0,0,0,0,0,0,0,0,0,0,3,0,8sndM+ZEjBiFHC3OBH93HdvJJjWbuICGCb4tZ/+icUI=
68,Fine Silver Jerkin,180,87,0,0,0,0,0,0,0,0,0,0,0,0,0,0,0,0,0,0,0,0,0,1,1,0,0,0,0,0,0,0,0,0,0,2,0,l4ers9w2mmSst2f2b8g0v5bTtF4Qq8QNTmvbAJwvbvw=
69,Fine Yellow Wool Pants,180,45,0,0,0,0,0,0,0,0,0,0,0,0,0,0,0,0,0,0,0,0,0,1,1,0,0,0,0,0,0,0,0,0,0,0,0,cF9u84kRa5d0Jf8pdNZ/bDL/t3srO3+lrzym3TAD7k0=
70,Fire Wand,175,860,109,16,0,0,0,0,0,0,0,0,0,1,0,0,0,0,35,0,0,0,0,1,1,2,0,0,0,0,0,0,0,0,0,1,0,YN1+iovnk8XAZSekRiXde1WJOE6AsHoXFGF9c9hqaEM=
71,Fireblade Scroll,175,450,110,16,0,0,0,0,0,0,0,0,0,1,0,0,0,0,0,0,0,0,0,1,1,1,0,0,0,0,0,0,0,0,0,1,4,6790xH/hIEc3NRK0iBMPtcMK8wmlDM5SzhL85Yymnlg=
72,Flail,178,38,0,9,0,0,0,0,0,0,0,0,0,0,0,0,0,15,0,0,0,0,0,25,25,0,0,0,0,3,0,1,255,0,0,1,0,o87/IykmmvXwJH3khRA9rubjW8p1/lNnQ6TkxcZZyDA=
73,Flame Quarrels,178,125,0,272,0,0,0,0,0,0,0,0,0,16,0,0,16,0,0,0,0,0,0,25,25,0,0,0,0,0,0,4,10,0,0,5,0,WPGLcbYupWwg+5rUPRRramwaE3DGAEe59VmlIlNX0YA=
74,Floppy Leather Hat,180,17,0,0,0,0,0,0,0,0,0,0,0,0,0,0,0,0,0,0,0,0,0,1,1,0,0,0,0,0,0,0,0,0,0,0,0,satmCQ9zEMHsV5EV3RPINwzlezPtMxU6eOy6+neRAdg=
75,High Leather Boots,180,52,0,0,0,0,0,0,0,0,0,0,0,0,0,0,0,0,0,0,0,0,0,1,1,0,0,0,0,0,0,0,0,0,0,0,0,lrS8HmT/t4cUmi1NagL6Wv44tXFVF4InuIJ4gvvsXgE=
76,High Priestess Card,175,450,0,0,0,0,0,0,0,0,0,0,0,0,0,0,0,0,0,0,0,0,0,1,1,0,0,0,0,0,0,0,0,0,0,3,0,0MsZjO57/C04UWZZPa9ZHr//bVz0aSUPMoSHvFlvzmw=
77,Holy Hand Grenade,175,10000,0,256,0,0,0,0,0,1,0,0,0,0,0,0,0,0,250,0,0,0,0,1,1,1,0,0,0,0,0,0,0,0,0,5,0,7nandZ7Sl+Kq1ns5pIwuob52FvZJexSK7JinJXz2OkE=
78,Hypnotic Eye,175,450,8,0,0,0,0,0,0,0,0,0,0,0,0,0,0,0,0,56,0,0,0,12,12,3,0,0,0,0,0,0,30,0,0,3,2,M0M/t0VRlKG5LSZHHkM9hw0j3zxd6BP2Hcq8R8gL0mE=
79,Iron Fan,178,543,0,10,0,0,0,0,0,0,0,0,0,0,0,0,0,26,0,0,0,0,0,15,15,0,0,0,0,0,0,1,255,0,0,2,0,RhOcpl06HKddNdAlqfJKHlqMrYOnXJCbuRIo7HIjUe8=
80,Iron Palm Salve,200,974,0,0,0,0,0,0,0,0,0,0,0,0,0,0,0,0,0,0,0,0,0,1,1,0,0,0,0,0,0,0,0,0,0,99,0,rca6YPXpkdwRbmrW2785meZgKdZYuYOQOqAxpDyHfgE=
81,Ironwood Boken,178,476,0,12,0,0,0,0,0,0,0,0,0,0,0,0,0,36,0,0,0,0,0,15,15,0,0,0,1,0,0,1,255,0,0,4,0,NRXB3DrGKBIoRurOd7RCgWbXJjAFcL9IdM93eSzApP4=
82,Junais Sword,178,3865,0,4888,0,0,0,0,0,0,16,14,0,0,0,0,36,0,0,0,0,0,0,12,12,0,0,0,0,0,0,1,255,0,0,5,0,pQxIzsCt5rtCAJsTX/3CTrW/5LIrNCfYHnEo3KY0tuY=
83,King Of Wands Card,175,650,0,0,0,0,0,0,0,0,0,0,0,0,0,0,0,0,0,0,0,0,0,1,1,1,0,0,0,0,0,0,0,0,0,1,0,TNRQhEey2I938l8FUKiynBFKG4ZvY0BIrdHncsvU3GQ=
84,Large Shield,178,124,0,1,0,0,0,0,0,0,0,0,0,0,0,0,0,15,0,0,0,0,0,30,30,0,0,0,1,0,0,1,255,0,0,0,0,vAoHmiYqn2p0QZjTjRPsWZzof5mfalbJnchL6x3ifEk=
85,Leather Breastplate,177,127,0,3,0,0,0,0,0,0,0,0,0,0,0,0,1,1,0,0,0,0,0,45,45,0,0,0,0,18,0,1,0,0,0,0,0,nv+JErHJuFMpJJFlGuhx7oXUh+B+Pi5DkxmxuZtmJtk=
86,Leather Gauntlets,177,52,0,3,0,0,0,0,0,0,0,0,0,0,0,0,1,1,0,0,0,0,0,45,45,0,0,0,0,3,0,2,0,0,0,0,0,TMI0JYtNmwZUothK/3VzluhBUXjqx+FyZjjveB5onfg=
87,Leather Greaves,177,52,0,3,0,0,0,0,0,0,0,0,0,0,0,0,1,1,0,0,0,0,0,45,45,0,0,0,0,6,0,3,0,0,0,0,0,LPOh+gUWxfpQslTr5pvorS9IckqYc0GJMlGl8uL4fQU=
88,Leather Helmet,177,27,0,3,0,0,0,0,0,0,0,0,0,0,0,0,1,1,0,0,0,0,0,45,45,0,0,0,0,3,0,0,0,0,0,0,0,unEWdgv7nolPCHv8g49SFYP21sFf+/bhpF56cGqcVhs=
89,Leather Jerkin,180,64,0,0,0,0,0,0,0,0,0,0,0,0,0,0,0,0,0,0,0,0,0,1,1,0,0,0,0,0,0,0,0,0,0,1,0,8jkXrgDq1tQh7NyuhOZsVqIgR7xgw2aEQct36oGWmcg=
90,Leather Sandals,180,17,0,0,0,0,0,0,0,0,0,0,0,0,0,0,0,0,0,0,0,0,0,1,1,0,0,0,0,0,0,0,0,0,0,0,0,+mbhslewrN/ak24P3ct0UIIM6hdbzUFGaerH2BrXStE=
91,Light Wand,175,650,0,0,0,0,0,0,0,0,0,0,0,0,0,0,0,0,0,1,0,4,0,12,12,2,0,0,0,0,0,0,0,0,0,1,0,mRt0joaLzMILy8ReFyUQ1ytP547AoYD/7xSbt2zEkQ0=
92,Loadstone,200,10,0,0,0,0,0,0,0,0,0,0,0,0,0,0,0,0,0,0,0,0,0,65536,65536,4,0,0,0,65536,0,0,0,0,0,99,0,4P4kD8UEndO+1OF+iA4ttWCi2g43CijtxOACHL7VHT8=
93,Long Sword,178,127,0,2,0,0,0,0,0,0,0,0,0,0,0,0,18,0,0,0,0,0,0,30,30,0,0,0,1,6,0,2,255,0,0,3,0,bfkMMjR/Of7Vf6IFQ2X7jC/3JWTBpGNcUnzVQfxTJ+g=
94,Magical Flamesword,178,569,0,16,0,0,0,0,0,0,0,0,0,110,0,0,0,0,0,0,0,0,0,35,35,0,0,0,0,6,0,1,255,0,0,3,0,N9Jy4/z9OOQMHz6CoJDXaAPJNdrSm2EDE//mrValMVA=
95,Map Stone,200,289,0,0,0,0,0,0,0,0,0,0,0,0,0,0,0,0,0,0,0,0,0,1,1,0,0,0,0,0,0,0,0,0,0,99,0,oUQHu4UZE9fz7iXw1J2A0dSS/ulUvo6HK6cNgoLkDRk=
96,Melvins Helm,177,1267,0,3,0,0,0,0,0,0,0,0,0,0,0,0,1,1,0,0,0,0,0,59,59,4,0,0,0,0,0,0,0,0,0,5,0,knMlpyGax0rXE4qjMD6Wp+TjCGMgm2PZX3AN7Vnd/VQ=
97,Morganas Tiara,180,2876,0,3,0,0,0,0,0,0,0,0,0,0,0,0,1,1,0,0,0,0,0,1,1,0,0,0,0,0,0,0,0,0,0,99,0,gw55su4RPCuMJKwV7a8zxBKsAphoLD5pwKqxn72dYQ8=
98,Nasty Knife,178,32,0,2,0,0,0,0,0,0,0,0,0,0,0,0,18,0,0,0,0,0,0,20,20,0,0,0,0,1,0,1,255,0,0,0,0,gEzS7lVnKAH8WSDXLSKRj1kI39P61heG13n1OX0FzlI=
99,Padded Breastplate,177,220,0,3,0,0,0,0,0,0,0,0,0,0,0,0,1,1,0,0,0,0,0,33,33,0,0,0,0,12,0,1,0,0,0,0,0,SNdQmdG3qLFLAyKVZZ57PD6wTnVY1qSxQa3oBqGRtec=
100,Padded Gauntlets,177,220,0,3,0,0,0,0,0,0,0,0,0,0,0,0,1,1,0,0,0,0,0,33,33,0,0,0,0,2,0,2,0,0,0,0,0,3sIgXxAKSFdXo/sfOukucv3axQg+bP0ZfKc3f2narAk=
101,Padded Greaves,177,220,0,3,0,0,0,0,0,0,0,0,0,0,0,0,1,1,0,0,0,0,0,33,33,0,0,0,0,4,0,3,0,0,0,0,0,AJdjrXrTyJkC78Nxu6sNRFcBfXiphIKIeDAf94xXc6w=
102,Padded Helmet,177,220,0,3,0,0,0,0,0,0,0,0,0,0,0,0,1,1,0,0,0,0,0,33,33,0,0,0,0,2,0,0,0,0,0,0,0,M6UgezD4FMXx/1Mofup1n5oaKc+zLhG92nA8DD351Ac=
103,Page Of Cups Card,175,0,0,0,0,0,0,0,0,0,0,0,0,0,0,0,0,0,0,0,0,0,0,1,1,1,0,0,0,0,0,0,0,0,0,2,0,0tLQLj3VVNlLfKAVSP9FAGsVF2eZh+ZcuEJteDJt/v8=
104,Panther Gloves,177,1,0,3,0,0,0,0,0,0,0,0,0,0,0,0,1,1,0,0,0,0,0,42,42,0,0,0,0,0,0,2,0,0,0,4,0,1Q3Yeqp5U/2ZXUtU/d+dwyhI/qPcsnrAPoT7UqFmiwk=
105,Paralysis Wand,175,0,0,0,0,0,0,0,0,0,0,0,0,0,0,0,0,0,0,0,0,0,0,12,12,2,0,0,0,0,0,0,0,0,0,1,0,+ERoaJU1guFKdY4n9FFtkdpAcVSnxfCePJbxChSTyDE=
106,Pike,178,0,0,12,0,0,0,0,0,0,0,0,0,0,0,0,110,0,0,0,0,0,0,25,25,0,0,0,1,0,0,2,255,0,0,1,0,n88bzR4w5B8mg0XUqbpSfUpw/UaRaa73X5l1s0X0mh0=
107,Plate Armor,177,415,0,3,0,0,0,0,0,0,0,0,0,0,0,0,1,1,0,0,0,0,0,65,65,0,0,0,0,0,0,1,0,0,0,3,0,2KAgq3kLtR8gureBKd5vTsHTheKWk9OOkCMQ0SMZkVw=
108,Plate Gauntlets,177,415,0,3,0,0,0,0,0,0,0,0,0,0,0,0,1,1,0,0,0,0,0,65,65,0,0,0,0,0,0,2,0,0,0,3,0,QYntxLvMKacL0yubbok+NmS5fRjpH4m3HBuDP286sqA=
109,Plate Helm,177,415,0,3,0,0,0,0,0,0,0,0,0,0,0,0,1,1,0,0,0,0,0,65,65,0,0,0,0,0,0,0,0,0,0,3,0,qbDbXk5gYntsJakPb//GlFLDL+ZIiaazc+Pe9neCOfM=
110,Plate Leggings,177,415,0,3,0,0,0,0,0,0,0,0,0,0,0,0,1,1,0,0,0,0,0,65,65,0,0,0,0,0,0,3,0,0,0,3,0,8C8qrb3z/5UJJOuhjIcgEhDRrzPFlyP3zqJuUmApZTw=
111,Plated Breastplate,177,415,0,3,0,0,0,0,0,0,0,0,0,0,0,0,1,1,0,0,0,0,0,65,65,0,0,0,0,10,0,1,0,0,0,3,0,ohgFw5vliuYeoJtd9nxUzBqqBgiHuFGAfmAjgVXQNas=
112,Plated Gauntlets,177,415,0,3,0,0,0,0,0,0,0,0,0,0,0,0,1,1,0,0,0,0,0,65,65,0,0,0,0,60,0,2,0,0,0,3,0,mDBpg1+ePpV+di/UD/Q/bmnx1wkY2bHYvMBRu+WiJcY=
113,Plated Greaves,177,415,0,3,0,0,0,0,0,0,0,0,0,0,0,0,1,1,0,0,0,0,0,65,65,0,0,0,0,10,0,3,0,0,0,3,0,+vwyuZn5pwxI2FdfBUvAlOuaPXi1Zii7KN0UJwUBNvU=
114,Plated Helmet,177,415,0,3,0,0,0,0,0,0,0,0,0,0,0,0,1,1,0,0,0,0,0,65,65,0,0,0,0,18,0,0,0,0,0,3,0,6Wq6qJK+aScIGj1SJsh7xZ3FRLGhk+hQBcT9STxHIuY=
115,Potion of ACID!,176,15,0,0,0,0,0,0,0,0,0,0,0,0,0,0,0,0,0,0,0,0,0,0,1,0,0,0,0,2,0,0,0,0,0,1,0,i5pRRHZDK36Kt+zc0SkcpyUcQ0O1rc3rOooFATha7D0=
116,Potion Of Charisma,176,29,0,0,0,0,0,0,0,0,0,0,0,0,0,0,0,0,0,0,0,8,0,0,1,0,0,0,0,2,0,0,0,0,0,1,0,SHF4XvQwlWGIbGshgUYkdKYyHyFcbho7EVSQPg5UaRA=
117,Potion of Cleansing,176,27,0,0,0,0,0,0,0,0,0,0,0,0,0,0,0,0,0,0,0,0,0,0,1,0,0,0,0,2,0,0,0,0,0,1,0,fhQAEw2upfj+iyYYIpS5xDYYGLEZ3zDd8OIfLHt4J/o=
118,Potion of Curing Poison,176,25,0,0,0,0,0,0,0,0,0,0,0,0,0,0,0,0,0,0,0,0,0,0,1,0,0,0,0,2,0,0,0,0,0,1,0,wKZ1B8bT9v2lkmv6TeSPjPDD/cMMQFiVoqCWANxLEMg=
119,Potion of DEADLY POISON!,176,10,0,0,0,0,0,0,0,0,0,0,0,0,0,0,0,0,0,0,0,0,0,0,1,0,0,0,0,2,0,0,0,0,0,1,0,4XJd5khLj/gZNWDCuDa3aNo+CS2zw8FX+mL0UL5v3Eg=
120,Potion of Delusion,176,18,0,0,0,0,0,0,0,0,0,0,0,0,0,0,0,0,0,0,0,0,0,0,1,0,0,0,0,2,0,0,0,0,0,1,0,MeJeC9pUwDOF3Aq2QdLlJkq0ilUojCdNVkikuzD7YPU=
121,Potion Of Dexterity,176,29,0,0,0,0,0,0,0,0,0,0,0,0,0,0,0,0,0,0,0,0,0,0,1,0,0,0,0,2,0,0,0,0,0,1,0,ChNRz5K2fa/TkUV5KyYVvZNXPhFOjNMGKms676kNlQw=
122,Potion of Dumbness,176,21,0,0,0,0,0,0,0,0,0,0,0,0,0,0,0,0,0,0,0,0,0,0,1,0,0,0,0,2,0,0,0,0,0,1,0,dshJAcQl5nhVZRf6kW12rP7vI5+bX1KnF06ruA7rCXc=
123,Potion Of Endurance,176,27,0,0,0,0,0,0,0,0,0,0,0,0,0,0,0,0,0,0,0,0,0,0,1,0,0,0,0,2,0,0,0,0,0,1,0,R9rc+Dcoard6GcsLE8P2TpOaCwqNIvr6liWrJTWtaUw=
124,Potion Of Fleetness,176,29,0,0,0,0,0,0,0,0,0,0,0,0,0,0,0,0,0,0,0,0,0,0,1,0,0,0,0,2,0,0,0,0,0,1,0,q0d575h1z2F3HqKD5++ciTh9cfCNlm8c79N8Udvy0IE=
125,Potion Of Fruit Juice,176,32,0,0,0,0,0,0,0,0,0,0,0,0,0,0,0,0,0,0,0,0,0,0,1,0,0,0,0,2,0,0,0,0,0,1,0,zVMU0A7Fzb0oNzoyM4jn3ufPK5QykdakYi1OjG/JvIc=
126,Potion of Heal All Wounds,176,54,0,0,0,0,0,0,0,0,0,0,0,0,0,0,0,0,0,0,0,0,0,0,1,0,0,0,0,2,0,0,0,0,0,1,0,9PuAgPFU6RCGI7/4c3rLaL8IfYEneGsHxDIwAouQD0Y=
127,Potion of Heal Major Wounds,176,48,0,0,0,0,0,0,0,0,0,0,0,0,0,0,0,0,0,0,0,0,0,0,1,0,0,0,0,2,0,0,0,0,0,1,0,Cny8+Oy9LnlvYzmC4u56fTc6lN2GDHs+DZhTg2SrBFc=
128,Potion of Heal Minor Wounds,176,41,0,0,0,0,0,0,0,0,0,0,0,0,0,0,0,0,0,0,0,0,0,0,1,0,0,0,0,2,0,0,0,0,0,1,0,YLMmydGGEg5/f4czXZGfHYAKCkVPMPyqXyE6fyg4INw=
129,Potion of Heal Wounds,176,44,0,0,0,0,0,0,0,0,0,0,0,0,0,0,0,0,0,0,0,0,0,0,1,0,0,0,0,2,0,0,0,0,0,1,0,3PfxMScLdwpOS9gp7FTBWjuqtyJ52j/G2v6jcI1Jf0I=
130,Potion of Inebriation,176,27,0,0,0,0,0,0,0,0,0,0,0,0,0,0,0,0,0,0,0,0,0,0,1,0,0,0,0,2,0,0,0,0,0,1,0,2pf5zkoYWRnfCmhuV4SJivTF8dLyW5nM4rABj4dJ1/g=
131,Potion Of Intelligence,176,27,0,0,0,0,0,0,0,0,0,0,0,0,0,0,0,0,0,0,0,0,0,0,1,0,0,0,0,2,0,0,0,0,0,1,0,hEzZuq5l721+okjdmRZtehv7EKe8dKyOaNa6wq2MCAo=
132,Potion Of Inv Air,176,47,1,8,0,0,0,0,0,0,0,0,0,0,1,0,0,0,0,0,0,0,0,0,1,0,0,0,0,2,0,0,0,0,0,1,0,f7+tH9/46LUMusQqpgyYxi0g4KhaSPuhtECQDeYQbQ0=
133,Potion Of Inv Blunt,176,47,1,1,0,0,0,0,0,0,0,0,0,0,0,0,0,1,0,0,0,0,0,0,1,0,0,0,0,2,0,0,0,0,0,1,0,PX/A7RhsutLD6Hoa1u+1lz9lOgv+bnOvgMmX7AcKvUw=
134,Potion Of Inv Cold,176,47,1,1024,0,0,0,1,0,0,0,0,0,0,0,0,0,0,0,0,0,0,0,0,1,0,0,0,0,2,0,0,0,0,0,1,0,5tKAFA8BlNsOHyRH+ZDh1c/l7hhcpPFgounCKqEhPUA=
135,Potion Of Inv Earth,176,47,1,4,0,0,0,0,0,0,0,0,0,0,0,1,0,0,0,0,0,0,0,0,1,0,0,0,0,2,0,0,0,0,0,1,0,/mlrb2eg3qv3qMC3Hlro9nxDFddJYaC8YBTo2+uYOuI=
136,Potion Of Inv Fire,176,47,1,16,0,0,0,0,0,0,0,0,0,1,0,0,0,0,0,0,0,0,0,0,1,0,0,0,0,2,0,0,0,0,0,1,0,ySDX7knLEyI1z/ZUqeiGe3tV15nNOQdUZpPFtG2hmUc=
137,Potion Of Inv Mental,176,47,1,128,0,0,0,0,0,0,1,0,0,0,0,0,0,0,0,0,0,0,0,0,1,0,0,0,0,2,0,0,0,0,0,1,0,Nd3RMaffDYkdTXJ0R9LSqXECTsKDu/jwiukPWf6+EiI=
138,Potion Of Inv Sharp,176,47,1,2,0,0,0,0,0,0,0,0,0,0,0,0,1,0,0,0,0,0,0,0,1,0,0,0,0,2,0,0,0,0,0,1,0,ElQNWTpj9GPJBw73l0epAz4h9oE4ANn6nC7waVv6sPE=
139,Potion Of Inv Water,176,47,1,32,0,0,0,0,0,0,0,0,1,0,0,0,0,0,0,0,0,0,0,0,1,0,0,0,0,2,0,0,0,0,0,1,0,QIcgZDYqp+b89x9PDtZMUX+eb2imAOVDau3g5IULYZI=
140,Potion of Invisibility,176,57,0,0,0,0,0,0,0,0,0,0,0,0,0,0,0,0,0,0,0,0,0,0,1,0,0,0,0,2,0,0,0,0,0,1,0,qza7TMi9IrTnltkDEyk2C0VCtWx4n49ajE9N8eStROw=
141,Potion of Inv Power,176,47,0,0,0,0,0,0,0,0,0,0,0,0,0,0,0,0,0,0,0,0,0,0,1,0,0,0,0,2,0,0,0,0,0,1,0,R2fJpn1BbnVoFGFBUnjkOuQMrWbS7DEA4wsli02TW1M=
142,Potion of Milk,176,23,0,0,0,0,0,0,0,0,0,0,0,0,0,0,0,0,0,0,0,0,0,0,1,0,0,0,0,2,0,0,0,0,0,1,0,InUghiGc8SI+07133QCxp92ff/0XRbMn0rVA+LGdmHQ=
143,Potion of Mineral Water,176,10,0,0,0,0,0,0,0,0,0,0,0,0,0,0,0,0,0,0,0,0,0,0,1,0,0,0,0,2,0,0,0,0,0,1,0,NMOcYLgaLuxM0b40faoTaDo/NV87sZ13AU/9VpvEkuY=
144,Potion of Noticeability,176,35,0,0,0,0,0,0,0,0,0,0,0,0,0,0,0,0,0,0,0,0,0,0,1,0,0,0,0,2,0,0,0,0,0,1,0,xgDRTuFKH2XRrrfpxwKlj3qUgSvTPx4AmvmFk+FHBSU=
145,Potion of Poison!,176,28,0,0,32,0,0,0,0,0,0,0,0,0,0,0,0,0,0,0,0,0,0,0,1,0,0,0,0,2,0,0,0,0,0,1,0,jaUgpLk5Srch+nFlRLHD+wcqap9KdMuefV1aKEhym/k=
146,Potion of Protection +1,176,41,0,0,0,0,0,0,0,0,0,0,0,0,0,0,0,0,0,0,0,0,0,0,1,0,0,0,0,2,0,0,0,0,0,1,0,CVxDTap7s+2y6YIoa3TogMaLXEngbjBKBleojhhXo5M=
147,Potion of Protection +2,176,47,0,0,0,0,0,0,0,0,0,0,0,0,0,0,0,0,0,0,0,0,0,0,1,0,0,0,0,2,0,0,0,0,0,1,0,m7W3sAW/sh1bVEcDlwK/qi9VgL1gmVyLGOysLmR7dRs=
148,Potion Of Regeneration,176,65,0,0,0,0,0,0,0,0,0,0,0,0,0,0,0,0,0,0,0,0,0,0,1,0,0,0,0,2,0,0,0,0,0,1,0,FzqGVKxLhJhn3fTE6Bpy44fAqO2EgS3NJrBWSK/liDg=
149,Potion Of Restoration,176,56,0,0,0,0,0,0,0,0,0,0,0,0,0,0,0,0,0,0,0,0,0,0,1,0,0,0,0,2,0,0,0,0,0,1,0,vR5f0sD7d0WqLzmWzOfY6hZwRxbTonIBcemXCvsHyrA=
150,Potion of Saltwater,176,15,0,0,0,0,0,0,0,0,0,0,0,0,0,0,0,0,0,0,0,0,0,0,1,0,0,0,0,2,0,0,0,0,0,1,0,bGjunfCg2IEPzAS+Tx4xZ7uws4LjvHnKkDNofhbUwjI=
151,Potion of Slowness,176,26,0,0,0,0,0,0,0,0,0,0,0,0,0,0,0,0,0,0,0,0,0,0,1,0,0,0,0,2,0,0,0,0,0,1,0,kbNiSaKTs3JyVN4CSyvyTf7bRTxjjm9RtRkEZhnZcqg=
152,Potion of Spirits,176,32,0,0,0,0,0,0,0,0,0,0,0,0,0,0,0,0,0,0,0,0,0,0,1,0,0,0,0,2,0,0,0,0,0,1,0,PoXVwojYM3CobQNu9fvich08eMgm6euX/Wvzpmi2oVg=
153,Potion Of Strength,176,29,0,0,0,0,0,0,0,0,0,0,0,0,0,0,0,0,0,0,0,0,0,0,1,0,0,0,0,2,0,0,0,0,0,1,0,gRxLeZb+voYiqMkTJpRmfESUczJdz/nJr7/+r/V4uos=
154,Potion of Strong Poison!,176,42,0,0,0,0,0,0,0,0,0,0,0,0,0,0,0,0,0,0,0,0,0,0,1,0,0,0,0,2,0,0,0,0,0,0,0,3kKGfMwngkNDlUFRPmNbY3mKbDOX4HpD2f7+yy81gK0=
155,Potion of TREASURE FINDING,176,79,0,0,0,0,0,0,0,0,0,0,0,0,0,0,0,0,0,0,0,0,0,0,1,0,0,0,0,2,0,0,0,0,0,0,0,GFhR1lIZxeqDiN6aG4iyfQw2bzU6xBSTRdlpVeWR4Tg=
156,Potion of Ugliness,176,54,0,0,0,0,0,0,0,0,0,0,0,0,0,0,0,0,0,0,0,0,0,0,1,0,0,0,0,2,0,0,0,0,0,0,0,y1MtelWvBuw8LVYINvp9EPPnupfp7oUvHKIMr0f2apw=
157,Potion of Unnoticeability,176,65,0,0,0,0,0,0,0,0,0,0,0,0,0,0,0,0,0,0,0,0,0,0,1,0,0,0,0,2,0,0,0,0,0,0,0,86xjuSKGAtplxqo6d/Vny0SyJCMFlxZ7IyAkuWQ+dzg=
158,Potion of Vinegar,176,14,0,0,0,0,0,0,0,0,0,0,0,0,0,0,0,0,0,0,0,0,0,0,1,0,0,0,0,2,0,0,0,0,0,0,0,1KXuzOsuBD4+q6O0lL1T215pVCtTUImiqpNvKEBR7no=
159,Potion of Water,176,10,0,0,0,0,0,0,0,0,0,0,0,0,0,0,0,0,0,0,0,0,0,0,1,0,0,0,0,2,0,0,0,0,0,0,0,32Bf2cH/PpNE837zwCqm5QHcw/dICSrEk7fIvnE8CZs=
160,Potion of Weak Poison,176,18,0,0,0,0,0,0,0,0,0,0,0,0,0,0,0,0,0,0,0,0,0,0,1,0,0,0,0,2,0,0,0,0,0,0,0,qIwBQiZGGyD0gfEWiEaE/863V1/6X55DpTjohT7JnmA=
161,Potion of Weakness,176,26,0,0,0,0,0,0,0,0,0,0,0,0,0,0,0,0,0,0,0,0,0,0,1,0,0,0,0,2,0,0,0,0,0,0,0,WZ0kpasCsXvC0gc3AVdBxyuZ/h8EF8+HkNPkdAoTKxw=
162,Potion of Wine,176,25,0,0,0,0,0,0,0,0,0,0,0,0,0,0,0,0,0,0,0,0,0,0,1,0,0,0,0,2,0,0,0,0,0,0,0,c9fLNRC7hwnFN3RxpPu4UI0Sa59NVO9yJ7tQr6VNVi4=
163,Potion Of Wizard Eye,176,43,0,0,0,0,0,0,0,0,0,0,0,0,0,0,0,0,0,0,0,0,0,0,1,0,0,0,0,2,0,0,0,0,0,0,0,B78m/v/tZilWyJb4CtWy1XbVuZkqdoj/zZXWx5GwXEQ=
164,Purple Flowing Cape,180,62,0,0,0,0,0,0,0,0,0,0,0,0,0,0,0,0,0,0,0,0,0,1,1,0,0,0,0,1,0,0,0,0,0,0,0,/s5WESDzXi3aVsr6lklccOmFFVN4goqv3JWTshjCuoY=
165,Quarrels,178,125,0,20,0,0,0,0,0,0,0,0,0,0,0,0,18,0,0,0,0,0,0,25,25,0,0,0,0,0,0,4,10,0,0,5,0,j3bcUSlTXaZT766pckQn+XkVfce8Fq07eqv9prNRo94=
166,Razor Ice,178,673,0,20500,0,0,0,26,0,0,0,0,0,0,0,0,26,0,0,0,0,0,0,12,12,0,0,0,0,0,0,1,255,0,0,99,0,Zu9rgW15wMlRUMNjX6BiE3TPU2Pz29RFCdeXB24MCFw=
167,Red Plaid Kilt,180,72,0,0,0,0,0,0,0,0,0,0,0,0,0,0,0,0,0,0,0,0,0,1,1,0,0,0,0,0,0,0,0,0,0,3,0,dy1xG29o3FW8Y58rht9GWJajda6jylDzfMZKIvj5ZK0=
168,Reforged Ring,200,9999,0,512,0,0,0,0,1,0,0,0,0,0,0,0,0,0,0,0,0,0,0,65536,65536,4,0,0,0,0,255,0,0,0,0,99,0,Kpx9jlKOemJlj281CfImGfLEDZzFqPU1OpPbvD5RrHc=
169,Remove Curse Scroll,175,300,0,0,0,0,0,0,0,0,0,0,0,0,0,0,0,0,0,0,0,0,0,1,1,1,0,0,0,0,0,0,0,0,0,1,3,f0J0mjUXo8vlewSaFh5AIwo+GUryDGnKsOZW8jx6ZOU=
170,Renew Scroll,175,750,0,0,0,0,0,0,0,0,0,0,0,0,0,0,0,0,0,0,0,0,0,1,1,1,0,0,0,0,0,0,0,0,0,1,3,8HKmOqCqBNDKE7NYvKS/qJmwqEA+eAVvuOFGaETEO90=
171,Ringmail Coat,177,100,0,3,0,0,0,0,0,0,0,0,0,0,0,0,1,1,0,0,0,0,0,58,58,0,0,0,0,30,0,1,0,0,0,2,0,jirNFECjgW1nr6OO8921apFpxzoI6n0M59DJllVTHgg=
172,Ringmail Hood,177,100,0,3,0,0,0,0,0,0,0,0,0,0,0,0,1,1,0,0,0,0,0,58,58,0,0,0,0,5,0,0,0,0,0,2,0,kPbPz5vzdl6VGkODRehqhgwLYqTzX6bGBpxGMdsg+A0=
173,Ringmail Leggings,177,100,0,3,0,0,0,0,0,0,0,0,0,0,0,0,1,1,0,0,0,0,0,58,58,0,0,0,0,15,0,3,0,0,0,2,0,AUxXKyNOYrf8lNOLezb+Lw9PxHsHjSNIwUcRXZ0bLAg=
174,Robins Hood,180,9999,0,0,0,0,0,0,0,0,0,0,0,0,0,0,0,0,0,0,0,0,0,1,1,4,0,0,0,0,0,0,0,0,0,99,0,vBpDX6BCPCC7MkA20O6RENHpdLET4+6Ihp0WYNBvPXg=
175,Ruby Eye,175,650,8,16,0,0,0,0,0,0,0,0,0,1,0,0,0,0,0,56,25,0,0,12,12,3,0,0,0,0,0,0,30,0,0,2,2,MOBBmngmdPPkn6+bZYjT6FDp5IhMlkR/4t1zErGLHUA=
176,Sapphire Eye,175,650,8,8,0,0,0,0,0,0,0,0,0,0,25,0,0,0,0,56,25,0,0,12,12,3,0,0,0,0,0,0,30,0,0,2,2,FuT1y1PoWXoPWbKdzq4LzgwgI0oMIamNjzsJ85nodZQ=
177,Saurian Brandy,200,111,0,0,0,0,0,0,0,0,0,0,0,0,0,0,0,0,0,0,0,0,0,1,1,0,0,0,0,0,0,0,0,0,0,99,0,ZDUCRfiVcaVnzvrH6kOYFzrUGWh51s5W3m9d8Hw25LE=
178,Scale Armor,177,142,0,3,0,0,0,0,0,0,0,0,0,0,0,0,1,1,0,0,0,0,0,41,41,0,0,0,0,0,0,1,0,0,0,1,0,7djDMeW97OySqiNvQCGrDfd5y+EkDIsmpoH9R34JTWs=
179,Scalemail Coat,177,142,0,3,0,0,0,0,0,0,0,0,0,0,0,0,1,1,0,0,0,0,0,41,41,0,0,0,0,36,0,1,0,0,0,1,0,glzIXI9SGexNjBDL7MfHPdcMhTLFdA5EflWd//A3988=
180,Scalemail Hood,177,142,0,3,0,0,0,0,0,0,0,0,0,0,0,0,1,1,0,0,0,0,0,41,41,0,0,0,0,6,0,0,0,0,0,1,0,yVuBNP/Kj1ls/2QmdjdguIhBLNAfnLS1lU0t7dEGFaU=
181,Scalemail Leggings,177,142,0,3,0,0,0,0,0,0,0,0,0,0,0,0,1,1,0,0,0,0,0,41,41,0,0,0,0,18,0,3,0,0,0,1,0,JWVdQa7qu6Vq9SSLCG3RLoVrHmPUAfXEeDIuVEFkQz4=
182,Shield Of Galahad,178,1250,0,257,0,0,0,0,0,18,0,0,0,0,0,0,0,15,25,0,0,0,0,40,40,0,0,0,1,0,0,1,255,0,0,6,0,FihZId4m7bpooW6QH0FwVNlzaneHnUSy9kgNFDYn6Gk=
183,Shield Of Mordred,178,1350,0,515,0,0,0,0,1,0,0,0,0,0,0,0,18,35,25,0,0,0,0,40,40,0,0,0,1,0,0,1,255,0,0,6,0,dC/tTfPVAE2s94PztnrNiW1jO9tx1/2r1jw7JYzxYz4=
184,Short Sword,178,59,0,16,0,0,0,0,0,0,0,0,0,0,0,0,24,0,0,0,0,0,0,25,25,0,0,0,0,0,0,1,255,0,0,0,0,oY/j9/A5m8JiWtuk03QxKyqRQUnJKF+psD2PT42sGEE=
185,Silver Brocaded Bodice,180,47,0,0,0,0,0,0,0,0,0,0,0,0,0,0,0,0,0,0,0,0,0,1,1,0,0,0,0,0,0,0,0,0,0,2,0,qaehOO7l0lZOooBul81wfvYm7NYCrSpmnfz21lzzZCM=
186,Silver Horn,175,950,0,8191,0,1,1,1,1,1,1,1,1,1,1,1,1,1,50,0,0,0,0,12,12,0,0,0,0,0,0,0,0,0,0,3,0,Ax1505rkG/XrtjWPeKx2jkL2VDMsYQDPXe3+z7ECb9w=
187,Silver Key,200,65536,0,0,0,0,0,0,0,0,0,0,0,0,0,0,0,0,0,0,0,0,0,1,1,0,0,0,0,0,0,0,0,0,0,99,0,0DF3ADagubSGst2ob12aDPdfwgPCvL4I0H2DhX9RZds=
188,Silver Sash,180,250,0,0,32,0,0,0,0,0,0,0,0,0,0,0,0,0,0,50,0,0,0,1,1,0,0,0,0,0,0,0,0,0,0,4,0,b6KC6PHNC3yQznCJc1cck7ug5nlory5lydEiufgFyZ4=
189,Simple Gold Jerkin,180,79,0,0,0,0,0,0,0,0,0,0,0,0,0,0,0,0,0,0,0,0,0,1,1,0,0,0,0,0,0,0,0,0,0,3,0,uA5H8GHUU1/UqfBKX9SEzsxo/J9XZzvnPIRcMdE9rNY=
190,Simple Gray Cloak,180,57,0,0,0,0,0,0,0,0,0,0,0,0,0,0,0,0,0,0,0,0,0,1,1,0,0,0,0,0,0,0,0,0,0,1,0,SuyFczyT3QQFgZCkY+uKKI/i8l54cHUnrrS5th6rowM=
191,Simple Orange Silk Vest,180,65,0,0,0,0,0,0,0,0,0,0,0,0,0,0,0,0,0,0,0,0,0,1,1,0,0,0,0,0,0,0,0,0,0,2,0,ZSzw0LRX7RPfySoW7NPl0Ibkh4Kfj4Ig7PYhNq5v8+U=
192,Simple Purple Dragonskin Blouse,180,98,0,0,0,0,0,0,0,0,0,0,0,0,0,0,0,0,0,0,0,0,0,1,1,0,0,0,0,0,0,0,0,0,0,4,0,P1s1OB2z0jN2Av+FlUHoWoqEvJMcinQhWuYnMoyStXM=
193,Simple Purple Fur-Lined Toga,180,75,0,0,0,0,0,0,0,0,0,0,0,0,0,0,0,0,0,0,0,0,0,1,1,0,0,0,0,0,0,0,0,0,0,3,0,AycLmIjQQABTCWpANRVZ3SE8wW25h0J8wdLDGe2F7I0=
194,Simple Red Jerkin,180,69,0,0,0,0,0,0,0,0,0,0,0,0,0,0,0,0,0,0,0,0,0,1,1,0,0,0,0,0,0,0,0,0,0,2,0,bai/UDeglBT11U0mcWL22zA/kfOJBB/4yW7EqTbTzdI=
195,Simple Violet Jerkin,180,69,0,0,0,0,0,0,0,0,0,0,0,0,0,0,0,0,0,0,0,0,0,1,1,0,0,0,0,0,0,0,0,0,0,2,0,i+bDxgX/EfM4cNuwiPhI2nI5ecPblcj1JbMEY8Ol+J8=
196,Simple White Fur-Lined Robe,180,12,0,0,0,0,0,0,0,0,0,0,0,0,0,0,0,0,0,0,0,0,0,1,1,0,0,0,0,0,0,0,0,0,0,1,0,xgXbgEmHvthxgSFT8A90Hu3kiuz7uGrIJsBKWp9X6YQ=
197,Simple White Wool Robe,180,47,0,0,0,0,0,0,0,0,0,0,0,0,0,0,0,0,0,0,0,0,0,1,1,0,0,0,0,0,0,0,0,0,0,1,0,NRHMbdjP0S7UqNuff24sUIuBRY4RWHBAfmCaFIbdJXU=
198,Six Pack,200,250,0,0,0,0,0,0,0,0,0,0,0,0,0,0,0,0,0,0,0,0,0,6,6,0,0,0,0,0,0,0,0,0,0,99,0,iRIOH20AHsvStHmW26C86IIyO7noDkNc0CX0UHOEepw=
199,Small Shield,178,82,0,1,0,0,0,0,0,0,0,0,0,0,0,0,0,15,0,0,0,0,0,35,35,0,0,0,0,5,0,1,255,0,0,0,0,2iTHBt8GJQhE1XtoVi8ruKwjp0ZTxmQAMij75jvCXzc=
200,Snowshoes,180,62,0,0,0,0,0,0,0,0,0,0,0,0,0,0,0,0,0,0,0,0,0,1,1,0,0,0,0,0,0,0,0,0,0,0,0,rDYzFRSSeoVJAjBv3lEeZpRvD00b97OOfE46Jw1DOwA=
201,Solar Suit,177,4000,0,3,0,0,0,0,0,0,0,0,0,0,0,0,1,1,0,0,0,0,0,21,21,0,0,0,0,0,0,1,0,0,0,6,0,yDWnKic9uzt6CTYCIqAw9WYCU9naql6iSX6QpcoZK6k=
202,Spiked Shield,178,278,0,3,0,0,0,0,0,0,0,0,0,0,0,0,15,15,0,0,0,0,0,30,30,0,0,0,1,7,0,1,255,0,0,1,0,cp/Dyq16KkmHFM8YOR6D3tCLkb7QTazJuatCV+AVQVc=
203,Spirit Shield,178,438,0,2826,0,0,0,0,0,0,19,0,0,0,0,0,0,26,0,0,0,0,0,25,25,0,0,0,1,0,0,1,255,0,0,4,0,GISRFqmQd/WM5BTgHNQH7qvigGvYeGDyIUv4gYTgk7s=
204,Splintmail Coat,177,190,0,3,0,0,0,0,0,0,0,0,0,0,0,0,1,1,0,0,0,0,0,29,29,0,0,0,0,42,0,1,0,0,0,2,0,KcB64i28fD5utW9jzVLXO2t+Nf5mAUJp8WNkRg+mOSw=
205,Splintmail Hood,177,190,0,3,0,0,0,0,0,0,0,0,0,0,0,0,1,1,0,0,0,0,0,29,29,0,0,0,0,7,0,0,0,0,0,2,0,oqroE1bnI3a5lsXzEV/U+QtlvgCnaPvoitYHC7RYKxc=
206,Splintmail Leggings,177,190,0,3,0,0,0,0,0,0,0,0,0,0,0,0,1,1,0,0,0,0,0,29,29,0,0,0,0,21,0,3,0,0,0,2,0,5eQNfj/2vrC/dbthXBqgBsPtq/ljd1daSYow7yWOKeE=
207,Staff,178,38,0,1,0,0,0,0,0,0,0,0,0,0,0,0,0,15,0,0,0,0,0,40,40,0,0,0,1,0,0,2,255,0,0,0,0,+3RIgQu7ubbZQhKxZujx6l72974H1qweSnR1n01fEuw=
208,Staff Of Amber,178,875,0,1546,0,0,0,0,0,0,0,36,0,0,0,0,0,18,0,0,0,0,0,45,45,0,0,0,1,0,0,2,255,0,0,3,0,DCgdjNUXgvot0zTXdu+ON95LVsLhEsNTuh/mXLCAdfU=
209,Staff Piece,200,9999,0,0,0,0,0,0,0,0,0,0,0,0,0,0,0,0,0,0,0,0,0,1,1,0,0,0,0,0,0,0,0,0,0,99,0,/dbhpFYOfTiJmZpZGEV2peDEDoihOKtsSgKiCD7yvL0=
210,Stealth Suit,180,8000,0,0,0,0,0,0,0,0,0,0,0,0,0,0,0,0,0,0,0,0,0,1,1,0,0,0,0,0,0,0,0,0,0,6,0,ChWv6w+aBiS8wYO2xThcsg1TC8sdWvWcb+ATBVVj5bM=
211,Stiletto,178,22,0,2,0,0,0,0,0,0,0,0,0,0,0,0,16,0,0,0,0,0,0,35,35,0,0,0,0,1,0,1,255,0,0,0,0,GgP6BCxvQ2B6DashrF42LPHy52+Np7Wufunx4DVdx2k=
212,Strength Card,175,900,0,0,0,0,0,0,0,0,0,0,0,0,0,0,0,0,0,0,0,0,0,1,1,1,0,0,0,0,0,0,0,0,0,4,0,M07NAGAUC4YRp0hAR3EGK6rbxtROiwNZ2uS/jI5K6gg=
213,Studded Breastplate,177,73,0,3,0,0,0,0,0,0,0,0,0,0,0,0,1,1,0,0,0,0,0,39,39,0,0,0,0,23,0,1,0,0,0,0,0,U2Ry69jwhdJRHr8csLa/knNolpuP9FyE7oMlyolOk9s=
214,Studded Gauntlets,177,73,0,3,0,0,0,0,0,0,0,0,0,0,0,0,1,1,0,0,0,0,0,39,39,0,0,0,0,4,0,2,0,0,0,0,0,qgnbhoEe+hHBDCdMzmCFWCp9CT0yP+CUqrg/+WE4vA4=
215,Studded Greaves,177,73,0,3,0,0,0,0,0,0,0,0,0,0,0,0,1,1,0,0,0,0,0,39,39,0,0,0,0,8,0,3,0,0,0,0,0,rOFISiDY+/wVRSr0cpx8s8G7qGtL0NDCGvRo/874kNM=
216,Studded Helmet,177,73,0,3,0,0,0,0,0,0,0,0,0,0,0,0,1,1,0,0,0,0,0,39,39,0,0,0,0,4,0,0,0,0,0,0,0,F4GC0ikgwqssO56sEebEtxRZqKMiU1K0AWK2ldg4x/U=
217,Sword,178,98,0,3,0,0,0,0,0,0,0,0,0,0,0,0,18,15,0,0,0,0,0,25,25,0,0,0,0,5,0,1,255,0,0,0,0,OKed/IH3g4z/CYMGnIrtOuJlDqWGFxKscaADhxtWkBE=
218,Sword Of The Adept,178,1200,0,6676,0,0,0,0,0,37,0,0,0,0,0,0,26,0,0,0,0,0,30,49,49,0,0,0,0,0,0,1,255,0,0,99,0,sPcEAxP6XQ+Be6VjGoQgDzddGJhY1hxG75GiEgOU4oM=
219,Temperance Card,175,650,0,0,0,0,0,0,0,0,0,0,0,0,0,0,0,0,0,0,0,0,0,1,1,1,0,0,0,0,0,0,0,0,0,3,0,JFHgD7/GbJoQteZtPf+lsiJtAJ+Lho+1PAtUVSmsrXc=
220,The Chariot Card,175,650,0,0,0,0,0,0,0,0,0,0,0,0,0,0,0,0,0,0,0,0,0,1,11,1,0,0,0,0,0,0,0,0,0,3,0,oPVNvj912w4IbcNBLYjHIxBedUwVyBefF14BoSRENBQ=
221,The Fool Card,175,650,0,0,0,0,0,0,0,0,0,0,0,0,0,0,0,0,0,0,0,0,0,1,1,1,0,0,0,0,0,0,0,0,0,2,0,mBk8skBdfINl5oZX7GxtrnYVvfaTwj4ix5n26CidETQ=
222,The Heirophant Card,175,450,0,0,0,0,0,0,0,0,0,0,0,0,0,0,0,0,0,1,0,0,0,1,1,1,0,0,0,0,0,0,0,0,0,2,0,XP+PAMv+wP/RWXyOHyPc4O4udOG6w8CjvoWGbHVlk08=
223,The Star Card,175,850,0,0,0,0,0,0,0,0,0,0,0,0,0,0,0,0,0,25,0,0,0,1,1,1,0,0,0,0,0,0,0,0,0,2,0,SzEz1UsBb8G53ICpzNAFIRrABlEhOIei97Zp6JyN5pA=
224,Thunder Quarrels,178,225,0,1300,0,0,0,0,0,0,0,26,0,0,0,0,18,0,0,0,0,0,0,35,35,0,0,0,0,0,0,4,10,0,0,5,0,ZxLdFr/g323t6jZPJljfpqMODUxjqyPV1QhBe/MD4lM=
225,Tome Of Knowledge,175,2000,0,0,0,0,0,0,0,0,0,0,0,0,0,0,0,0,0,1,0,0,0,1,1,1,0,0,0,0,0,0,0,0,0,4,0,FGlA1Z+RHeIcuOraSJa3IOKNUUvdTx9vrrmSj+kAGFA=
226,Tome Of Leadership,175,2000,0,0,0,0,0,0,0,0,0,0,0,0,0,0,0,0,0,1,0,0,0,1,1,1,0,0,0,0,0,0,0,0,0,4,0,JTCDANCBY7AU9JevtigtyjMqqr1+Xvy/vGzoKLFdu60=
227,Tome Of Understanding,175,2000,0,0,0,0,0,0,0,0,0,0,0,0,0,0,0,0,0,1,0,0,0,1,1,1,0,0,0,0,0,0,0,0,0,4,0,/O4e418t3nzyHO47AC8rbKTbeRQHPC4lCZeg+9hm81s=
228,Tower Shield,178,89,0,1,0,0,0,0,0,0,0,0,0,0,0,0,0,15,0,0,0,0,0,45,45,0,0,0,0,10,0,1,255,0,0,2,0,ponORjxTF5bn8gsZ77UvdtIKbOB0bklq7iIsJ10NrX0=
229,Troll Ring Half,200,9999,0,0,0,0,0,0,0,0,0,0,0,0,0,0,0,0,0,0,0,0,0,65536,65536,0,0,0,0,0,0,0,0,0,0,99,0,W7Cqka0vNjegxyDp4BC4oQgi5sy9VwwY5riAmLjhGCM=
230,Truesilver Coat,177,670,0,3,0,0,0,0,0,0,0,0,0,0,0,0,1,1,0,0,0,0,0,79,79,0,0,0,0,0,0,1,0,0,0,4,0,TSbBtN4QOCVcJBbl5xcmtXSPcYo0TRsYgCpKA3vW5qA=
231,Truesilver Gauntlets,177,670,0,3,0,0,0,0,0,0,0,0,0,0,0,0,1,1,0,0,0,0,0,79,79,0,0,0,0,0,0,2,0,0,0,4,0,tLDC3I29VYGFhhIJoQdtfK+NQM9sh8wEbKeL2nLaJaw=
232,Truesilver Helm,177,670,0,3,0,0,0,0,0,0,0,0,0,0,0,0,1,1,0,0,0,0,0,79,79,0,0,0,0,0,0,0,0,0,0,4,0,lsj2Pb9ZzoGA5t2RFyXCBTNbEWxVpGvmUKKhQa3lr20=
233,Truesilver Leggings,177,670,0,3,0,0,0,0,0,0,0,0,0,0,0,0,1,1,0,0,0,0,0,79,79,0,0,0,0,0,0,3,0,0,0,4,0,DK7DS2hsXC6lPNF24HkbZuh0MXJyqnsA92hMiXsqPbs=
234,War Net,178,54,0,1,0,0,0,0,0,0,0,0,0,0,0,0,0,15,0,0,0,0,0,15,15,0,0,0,0,4,0,2,255,0,0,2,0,Ju2CcebyJMKUbKrEAnRoriS1TXasWlFuHKXBDlewATs=
235,Whetstone,200,300,0,0,0,0,0,0,0,0,0,0,0,0,0,0,0,0,0,0,0,0,0,25,25,3,0,0,0,0,0,0,0,0,0,99,0,aWaAbpHMDl1qN2Zqzob8QR06eacvLI4AWzoXRApj1c8=
236,Whip,178,47,0,1,0,0,0,0,0,0,0,0,0,0,0,0,0,15,0,0,0,0,0,20,20,0,0,0,0,2,0,1,255,0,0,0,0,tkknMkzdllSTAnz4FJrUJdfRvDVYUwatwFFskizsQqA=
237,White Cotton Robe,180,42,0,0,0,0,0,0,0,0,0,0,0,0,0,0,0,0,0,0,0,0,0,1,1,0,0,0,0,0,0,0,0,0,0,0,0,OZzCJpmq9S270ODtJIAtTFbMjJYmu/L8IlkdsU4m7i4=
238,White Cotton Tunic,180,17,0,0,0,0,0,0,0,0,0,0,0,0,0,0,0,0,0,0,0,0,0,1,1,0,0,0,0,0,0,0,0,0,0,0,0,TzXwLr0FZ0qrY/KNlDm0T0zEXQl2rWJzqAPhG+V38aw=
239,White Linen Shirt,180,46,0,0,32,0,0,0,0,0,0,0,0,0,0,0,0,0,0,0,0,0,0,1,1,0,0,0,0,0,0,0,0,0,0,1,0,9F4D6d40j2PifzulsPgbhmmk/H6g7IlQ7Sz0g5vM2Lw=
240,Winged Sandals,180,8750,1,0,0,0,0,0,0,0,0,0,0,0,0,0,0,0,0,25,0,0,0,1,1,4,0,0,0,0,0,0,0,0,0,99,0,ek8VgqMtSnmMrcH6GID31uRHG/HzpUkTsfBq9yJyzcY=
241,Wizard Eye Scroll,175,650,0,0,0,0,0,0,0,0,0,0,0,0,0,0,0,0,0,1,0,4,0,1,1,1,0,0,0,0,0,0,0,0,0,1,3,8a/9y3Au6zRz9TKzg2PQNuwuh/wNuad18diPBXad3aI=
242,Wizards Eye,175,750,0,0,0,0,0,0,0,0,0,0,0,0,0,0,0,0,0,1,0,8,0,12,12,1,0,0,0,0,0,0,30,0,0,2,0,tpAp79ffe7GRLKq17uZofGJz9i0ujeZd1Hk0eN/XA8Q=
243,Wooden Club,178,20,0,1,0,0,0,0,0,0,0,0,0,0,0,0,0,15,0,0,0,0,0,20,20,0,0,0,0,0,0,1,255,0,0,0,0,CQjAKEY5cLTG4itZuGErxtw1H2UK+PhJrUgy/ayZdvI=
244,Switchblade,178,45,0,8,0,0,0,0,0,0,0,0,0,0,0,0,24,0,0,0,0,0,0,0,0,0,2,2,1,0,0,1,255,255,0,1,0,0bXz944ImjJzoLgkUtDPxElkpWorhhEQR5E8eM2IZYo=
245,Dagger,178,10,0,10,0,0,0,0,0,0,0,0,0,0,0,0,13,0,0,0,0,0,0,0,0,0,2,2,1,0,0,1,255,255,0,1,0,GGuAryGzKXPA72mnFRseHxPG/U3mR8ILDUV3tKIU6FA=
246,Short Sword,178,56,0,10,0,0,0,0,0,0,0,0,0,0,0,0,13,0,0,0,0,0,0,0,0,0,2,3,1,0,0,1,255,50,0,1,0,RPHhDdbfdfDVxIR+Ov8eI0Of9W+dSn6iu91EddYv0Rs=
247,Sword,178,76,0,14,0,0,0,0,0,0,0,0,0,0,0,0,23,0,0,0,0,0,0,0,23,0,10,10,1,7,0,1,255,10,0,1,0,hTXuByZuU/cLItmVv+Gq8I5JrxeMx2vv/HqzqwTBFt4=
248,Sword,178,0,0,10,0,0,0,0,0,0,0,0,0,0,0,0,13,0,0,0,0,0,0,0,0,0,2,3,1,0,0,1,255,67,0,1,0,aklDKTHcsE5ag9jAheMthgdRTYmvVq507DotnBbU8Ms=
249,Longsword,178,0,0,12,0,0,0,0,0,0,0,0,0,0,0,0,14,0,0,0,0,0,0,0,0,0,3,4,1,0,0,2,255,75,0,3,0,AutJkP1tV/ziI1d1sZhtDU4mjV9zx+2mUzwHBYdObyY=
250,Greatsword,178,0,0,14,0,0,0,0,0,0,0,0,0,0,0,0,15,0,0,0,0,0,0,0,0,0,3,5,1,0,0,2,255,75,0,3,0,JYSprpLsWHOD4FjcBr/dEvkCF7sCpw7ZkYHVH1fbfDA=
251,Longsword,178,0,0,12,0,0,0,0,0,0,0,0,0,0,0,0,14,0,0,0,0,0,0,0,0,0,3,3,1,0,0,2,255,255,0,2,0,mdWvDD1r3tqkVxvhW31I0DHNIOhPsEQyGXidC0jNzv8=
252,Bare Hands,100,0,0,1,0,0,0,0,0,0,0,0,0,0,0,0,0,1,0,0,0,0,0,0,0,0,1,1,1,0,0,0,255,0,0,0,0,YLT/luV9C6yd50ATsqiwYZXBmKeahKsc25YFhphwf3o=
253,Long Dagger,178,0,0,10,0,0,0,0,0,0,0,0,0,0,0,0,13,0,0,0,0,0,0,0,0,0,5,1,1,0,0,1,255,50,0,2,0,AFIn+ABBM3uG+X3St32WfKnnbo1wBHpV67YJ4bMOgkw=
254,Magical Sword,178,0,0,46,0,0,0,0,0,0,0,0,0,0,0,16,15,0,0,0,0,0,0,0,0,0,3,4,1,0,0,1,255,75,0,8,0,7Pww9wSvu1LHAyZQl/WKI9f8h+4AH0JHxWBtlbOBTsQ=
255,Weak Spell,100,0,0,80,0,0,0,0,0,0,0,0,0,0,12,12,0,0,0,0,0,0,0,0,0,0,3,2,0,0,0,0,255,255,0,0,0,++5if1HdRq1m3PqaqsfyuynM95ZUWeZvCNJDFZz5dWQ=
256,Spell,100,0,0,720,0,0,0,0,0,0,0,0,13,0,12,12,0,0,0,0,0,0,0,0,0,0,3,3,0,0,0,0,255,255,0,0,0,IWe4Thpb4DFmSzWadqdk+ydAszZtPvS/A7+lfAU6D7c=
257,Small Axe,178,76,0,13,0,0,0,0,0,0,0,0,0,0,0,0,22,15,0,0,0,0,0,0,0,0,3,3,1,0,0,1,255,67,0,0,0,ssOb3zVTQpu1nskmBcKYUD29vPCcDuOI0+hnJsCXmvo=
258,Small Axe,178,0,0,1,0,0,0,0,0,0,0,0,0,0,0,0,0,15,0,0,0,0,0,0,0,0,3,3,0,0,0,1,255,67,0,1,0,ysUihSe1r4vDDIUM6pkyddHzWfAR1yu5pSI70r0163U=
259,Incantation,100,0,0,3280,0,0,0,0,0,0,0,13,13,0,12,12,0,0,0,0,0,0,0,0,0,0,3,3,0,0,0,0,255,67,0,0,0,rpcMadkWjhsjdaLaSDKCk2zih6yjZI5AY/0wr6fXKpg=
260,Strong Spell,100,0,0,13520,0,0,0,0,0,0,13,13,13,0,12,12,0,0,0,0,0,0,0,0,0,0,3,3,0,0,0,0,255,67,0,0,0,gL4t3sjObYvKmNrwtWV6YeSNCsFL7xFRPRuFauR+hjA=
261,Dazzling Spell,100,0,0,896,0,0,0,0,0,0,15,0,0,0,0,0,0,0,0,0,0,0,0,0,0,0,3,3,0,0,0,0,255,67,0,0,0,ff1cptV4kqBaA1SscEbf1i9a9PeB8MlD+zi1LMwd2/c=
262,Poisoned Shiriken,178,0,0,80,0,0,0,0,0,0,0,0,0,0,12,16,0,0,0,0,0,0,0,0,0,0,3,3,0,0,0,1,255,0,0,3,0,aCyE8kXJHYNxcpzuwGRbtnc5UcpPJaiOR3x26Ug8gj0=
263,Strangling Wire,178,0,0,12,0,0,0,0,0,0,0,0,0,0,0,0,22,0,0,0,0,0,0,0,0,0,3,3,1,0,0,2,255,0,0,1,0,Fd40TUHVcTmUNXIUFxjr51vuzgKXBBXRBLUe9cDiYwM=
264,Poisoned Dagger,178,0,0,12,0,0,0,0,0,0,0,0,0,0,0,0,22,0,0,0,0,0,0,0,0,0,3,3,1,0,0,1,255,0,0,2,0,dRLuOeGSoJeyMfX4xEZqI3tZpY9WGpt/7fUnujRl/0s=
265,Overpowering Spell,100,0,0,21836,0,0,0,0,0,0,12,12,12,12,12,11,0,0,0,0,0,0,0,0,0,0,3,3,0,0,0,0,255,0,0,0,0,WQ9FIdTfh2tpfTFeyia2fMyekiPk9JNAeWCMgTN6i5M=
266,Knurly Club,178,0,0,11,0,0,0,0,0,0,0,0,0,0,0,0,21,1,0,0,0,0,0,0,0,0,3,3,1,0,0,1,255,75,0,1,0,9qJixiWBPp28J4pMFLyhQMsperigWWdCcDjcdDRok7Y=
267,Warhammer,178,0,0,1,0,0,0,0,0,0,0,0,0,0,0,0,0,15,0,0,0,0,0,0,0,0,3,3,1,0,0,2,255,0,0,1,0,dG5aTTYoMXpFCpfE20U+8jpWprwA64gxQH969OEC/TA=
268,Spear,178,25,0,16,0,0,0,0,0,0,0,0,0,0,0,0,24,0,0,0,0,0,0,0,0,0,3,3,1,0,0,2,255,0,0,0,0,UZCnkrPgR4ODfQcSC/8+y6kztSYi6ByWQalSjVmrajY=
269,Sharp Sword,178,0,0,16,0,0,0,0,0,0,0,0,0,0,0,0,24,0,0,0,0,0,0,0,0,0,3,3,1,0,0,1,255,75,0,2,0,uDP0+LEeM+wydtLlZuHVzIuKduCRDe/qKBjuh0MvdVw=
270,Claws,100,0,0,13,0,0,0,0,0,0,0,0,0,0,0,0,22,1,0,0,0,0,0,0,0,0,3,3,1,0,0,0,255,0,0,0,0,IJHcPWDWQeAC9XFd8KZDb941A+kNjhUVi3qiQEp7sx4=
271,Teeth,100,0,0,7,0,0,0,0,0,0,0,0,0,0,0,0,11,1,0,0,0,0,0,0,0,0,3,3,1,0,0,0,255,0,0,0,0,5tUNbeUztcnPpXIcOD6ZjNGX7hJ/eas88ipaa3EGyks=
272,Foaming Teeth,100,0,0,12,0,0,0,0,0,0,0,0,0,0,0,0,14,0,0,0,0,0,0,0,0,0,3,3,1,0,0,0,255,0,0,0,0,sif+EmNLOXAHRcmQgRewoXFfQTvTT/SEqPcfSLXgAfI=
273,Yellow Claws,100,0,0,9,0,0,0,0,0,0,0,0,0,0,0,0,12,1,0,0,0,0,0,0,0,0,3,3,1,0,0,0,255,0,0,0,0,hxFoh8X4tCxBPq4nV1eg70GGzq7dRbLikPgehFmtZxc=
274,Sharp Teeth,100,0,0,14,0,0,0,0,0,0,0,0,0,0,0,0,23,0,0,0,0,0,0,0,0,0,3,3,1,0,0,0,255,0,0,0,0,7H6BqsT6vOmZ87QqmlGJLE6WszRw55V0h3c7tvPMvaM=
275,Claws,100,0,0,13,0,0,0,0,0,0,0,0,0,0,0,0,22,1,0,0,0,0,0,0,0,0,3,3,1,0,0,0,255,0,0,0,0,T9vIbkZLpkGNzahwZTjEphewwK/KIH92Z/wgDPo+v2I=
276,Burst Of Spores,100,0,0,32,0,0,0,0,0,0,0,0,0,0,0,32,0,0,0,0,0,0,0,0,0,0,3,3,0,0,0,0,255,0,0,0,0,PSVWn8htyVNcCdeDNYSbGZLNu/NQRj7wblx9kn+Uj4M=
277,Acid Slime,100,0,0,504,0,0,0,0,0,0,0,0,11,11,0,22,0,0,0,0,0,0,0,0,0,0,3,3,0,0,0,0,255,0,0,0,0,AZsTqsmK9gOEVGn459cxGXWxqwzPfFo7xd79ngeDTs4=
278,Corrosive Goo,100,0,0,492,0,0,0,0,0,0,0,0,11,11,0,11,0,0,0,0,0,0,0,0,0,0,3,3,0,0,0,0,255,0,0,0,0,KEAj3b86fKA4hH7Y5b6fjcCMkVvtLZjrHBpxAJjdUCI=
279,Nauseating Gunk,100,0,0,524,0,0,0,0,0,0,0,12,0,0,0,11,0,0,0,0,0,0,0,0,0,0,3,3,0,0,0,0,255,0,0,0,0,Ob1tlKA9Vjq2Tppcr4pSpK8LHWff8Go+a9RAaF/tlyw=
280,Teeth,100,0,0,14,0,0,0,0,0,0,0,0,0,0,0,0,15,0,0,0,0,0,0,0,0,0,3,3,1,0,0,0,255,0,0,0,0,u96da9iSz9uQHo7qgS4E+k4OpxFsuKhnQGQKb04MsAY=
281,Tail,100,0,0,1,0,0,0,0,0,0,0,0,0,0,0,0,0,1,0,0,0,0,0,0,0,0,3,3,1,0,0,0,255,0,0,0,0,zCraYg4qvIzb5dCv1uxutp/VLnHBI9O/qHs1eyvYM9g=
282,Scorching Breath Of Fire,100,0,0,64,0,0,0,0,0,0,0,0,0,20,0,0,0,0,0,0,0,0,0,0,0,0,3,3,0,0,0,0,255,0,0,0,0,SIIvDhXfgA9AD2jH/Dyvpq7AZmW5scqVabluTDWAz/E=
283,Claws,100,0,0,9,0,0,0,0,0,0,0,0,0,0,0,0,12,1,0,0,0,0,0,0,0,0,3,3,1,0,0,0,255,0,0,0,0,Ig3xekYzTmz2XnHfLOpTmh7pSDf72/+XOODDl3pdknw=
284,Blood Sucking Fangs,100,0,0,100,0,0,0,0,0,0,0,0,0,0,0,18,18,0,0,0,0,0,0,0,0,0,3,3,1,0,0,0,255,0,0,0,0,hgVrGUvblQhaM62pyCj/AmBzKWW3rPvi/697mEn+9J0=
285,Sickle,178,36,0,20,0,0,0,0,0,0,0,0,0,0,0,0,34,0,0,0,0,0,0,0,0,0,3,3,1,0,0,2,255,0,0,0,0,gSPubDiWGHcL7TVYHr4NQTbYDtutZRSv9AG9GuV0DDs=
286,Pieces Of Flesh,100,0,0,0,0,0,0,0,0,0,0,0,0,0,0,0,0,0,0,0,0,0,0,0,0,0,3,3,0,0,0,0,255,0,0,0,0,DFYWT7i15n9e1b4dUa45SV9TL1jJRICZLVabjRmymd8=
287,Strangle Hold,100,0,0,41,0,0,0,0,0,0,0,0,0,0,13,0,0,1,0,0,0,0,0,0,0,0,3,3,1,0,0,0,255,0,0,0,0,zr76pCqyLO5KU/veK1t40XG5joNTQzo1AS5lCTb30no=
288,Poisonous Tail,100,0,0,521,0,0,0,0,0,0,0,12,0,0,0,0,12,1,0,0,0,0,0,0,0,0,3,3,0,0,0,0,255,0,0,0,0,nZeY/A6UrMqul9Esn5cOsusohcrumm0SComGBU48Fow=
289,Soul Wrenching Grasp,100,0,0,512,0,0,0,0,0,0,12,0,0,0,0,0,0,0,0,0,0,0,0,0,0,0,3,3,0,0,0,0,255,0,0,0,0,VohZnCqqHMpDeHzZYRyrZla2cHfd0U0B86XP6zZmhFc=
290,Claws,100,0,0,9,0,0,0,0,0,0,0,0,0,0,0,0,12,1,0,0,0,0,0,0,0,0,3,3,1,0,0,0,255,0,0,0,0,hxWt2KzEGgIzSG1oX5D2Cse2BFCZrfu614N3JmQbJbo=
291,Crushing Blow,100,0,0,1,0,0,0,0,0,0,0,0,0,0,0,0,0,1,0,0,0,0,0,0,0,0,3,3,1,0,0,0,255,0,0,0,0,DEIWoUyY5+m+goxJxeZUagaRz62hjeboDJbZKUHzYD8=
292,Bone Chilling Scream,100,0,0,384,0,0,0,0,0,0,3,0,0,0,0,0,0,0,0,0,0,0,0,0,0,0,3,3,0,0,0,0,255,0,0,0,0,5MOqmVBA5aMVPzoyG2d0caeu48PxnJ2s8ugdhP2N1Ok=
293,Moans,100,0,0,640,0,0,0,0,0,0,13,0,0,0,0,0,0,0,0,0,0,0,0,0,0,0,3,3,0,0,0,0,255,0,0,0,0,CJ1k4ljbuvepmodKvf0x2wCZGW0pdoD8U86O132xpSI=
294,Invisible Chains,100,0,0,640,0,0,0,0,0,0,13,0,0,0,0,0,0,0,0,0,0,0,0,0,0,0,3,3,0,0,0,0,255,0,0,0,0,pAX6Q8HAZzrkrcQfV2bhepyLOFeLohZkfSN3YO0xAv0=
295,Festering Touch,100,0,0,2560,0,0,0,0,0,12,12,0,0,0,0,0,0,0,0,0,0,0,0,0,0,0,3,3,0,0,0,0,255,0,0,0,0,SyxKGb+Bd1KPcQlFNINCNymmljiugOBVSueVRqIpjM8=
296,Heart-Breaking Moan,100,0,0,512,0,0,0,0,0,0,12,0,0,0,0,0,0,0,0,0,0,0,0,0,0,0,3,3,0,0,0,0,255,0,0,0,0,4CNntda0NlK+Vo8pIg6VhO6GJWoQmozpYngj7syoqg4=
297,Bolt Of Lightning,100,0,0,576,0,0,0,0,0,0,0,17,0,0,0,0,0,0,0,0,0,0,0,0,0,0,3,3,0,0,0,0,255,0,0,0,0,WIm58p1LFn5ggAnuLvZFp41o34NV4PjORmxMUdwYvm8=
298,Bone-Chilling Touch,100,0,0,5696,0,0,0,0,0,12,13,13,0,0,0,0,0,0,0,0,0,0,0,0,0,0,3,3,0,0,0,0,255,0,0,0,0,vQQu8YKyrPS4ZKLqL6jGhpxj7VA1za/th8Pf7gmWaQM=
299,Tower Shield,178,60,0,8,0,0,0,0,0,0,0,0,0,0,0,0,0,15,0,0,0,0,0,0,0,0,0,0,1,0,0,1,255,86,0,0,0,rwiYp89hsqg3kxUHQkm/KXC+sNLQmxbp4z1MsTzEVkc=
300,War Net,178,27,0,10,0,0,0,0,0,0,0,0,0,0,0,0,0,15,0,0,0,0,0,0,0,0,0,0,1,0,0,2,255,67,0,0,0,CLuLsq15LflL1B1UYcp0CfMwDlQCsYaHEq1zDH01JCo=
301,Spiked Shield,178,39,0,26,0,0,0,0,0,0,0,0,0,0,0,0,13,15,0,0,0,0,0,0,0,0,0,0,1,0,0,1,255,80,0,0,0,jERzAqwbdDIq8TMuWdpY4RxizGRU79t/J7wAX9u59+o=
302,Shield,178,25,0,1,0,0,0,0,0,0,0,0,0,0,0,0,0,1,0,0,0,0,0,0,0,0,0,0,1,0,0,1,255,80,0,0,0,VvXXe3s5gWeGHch76/dhFAA78QZmYWg9/Qf8IbjLifk=
303,Small Shield,178,48,0,1,0,0,0,0,0,0,0,0,0,0,0,0,0,1,0,0,0,0,0,0,0,0,0,0,1,0,0,1,255,75,0,0,0,5fyaUA+fsc1XXyc0usToiLpM0ulJeipcn85/tvW6+A0=
304,Stiletto,178,0,0,14,0,0,0,0,0,0,0,0,0,0,0,0,15,0,0,0,0,0,0,0,0,0,0,0,0,0,0,1,255,0,0,1,0,uHOoH55VWsZZu0O7sNy8ALrZzRApmk3uQpC3jhgsOO8=
305,Dagger,178,0,0,14,0,0,0,0,0,0,0,0,0,0,0,0,15,0,0,0,0,0,0,0,0,0,0,0,0,0,0,1,255,0,0,1,0,qWELqPmlfAzHy4HerjyGsJAra48SafAAJ4ezkEVD7r0=
306,Whip,178,0,0,1,0,0,0,0,0,0,0,0,0,0,0,0,0,15,0,0,0,0,0,0,0,0,0,0,0,0,0,1,255,50,0,1,0,Za+pP1hyIjbP5AvrPasGw8307uaQiKdauNB3ddyJdPY=
307,Short Sword,178,0,0,15,0,0,0,0,0,0,0,0,0,0,0,0,15,15,0,0,0,0,0,0,0,0,0,0,0,0,0,1,255,50,0,1,0,d41bAOvpsa2GBkaf9GYtzRpR6f7Y5vkA75bquGKYvpY=
308,Flail,178,0,0,1,0,0,0,0,0,0,0,0,0,0,0,0,0,15,0,0,0,0,0,0,0,0,0,0,0,0,0,1,255,67,0,1,0,T2jg9DnbOhqqh3LUyhFK2iqG5DAGCUpigGQbtL+l2ME=
309,Battle Axe,178,0,0,23,0,0,0,0,0,0,0,0,0,0,0,0,27,15,0,0,0,0,0,0,0,0,0,0,1,0,0,2,255,67,0,1,0,KnMpRsBuqbTCoPfbiFJVfPPDp+7OLNBHVNGRNNNPflI=
310,Sword,178,0,0,13,0,0,0,0,0,0,0,0,0,0,0,0,14,15,0,0,0,0,0,0,0,0,0,0,0,0,0,1,255,50,0,1,0,kdUht7otvY9e6RJbupRMMFW4B0p7EmpX00HOcmhoKAU=
311,Battle Hammer,178,0,0,1,0,0,0,0,0,0,0,0,0,0,0,0,0,15,0,0,0,0,0,0,0,0,0,0,0,0,0,2,255,67,0,1,0,MgDOScS4qOGx2CND97wMuCAiI7kDJWqm11ox20gBAEs=
312,Longsword,178,0,0,15,0,0,0,0,0,0,0,0,0,0,0,0,15,15,0,0,0,0,0,0,0,0,0,0,0,0,0,2,255,67,0,2,0,cCD+saG0VqhTBE3EO0lAKzvfAYjGT6479LvF8ckxdDM=
313,Magical Flamesword,178,0,0,233,0,0,0,0,0,0,0,0,0,15,0,0,18,15,0,0,0,0,0,0,0,0,0,0,0,0,0,2,255,67,0,7,0,bxpL2hmUop+70VL3Vbibf5zP9IbeJrPZL8d2r1DRR+Q=
314,Lit Torch,178,0,0,81,0,0,0,0,0,0,0,0,0,13,0,0,0,1,0,0,0,0,0,0,0,0,0,0,1,0,0,1,255,50,0,1,0,3WEOLK1YyUvzF1HuTdyctHBPzqcm2MDc8fXuUbkxzZs=
315,Kris Knife,178,0,0,20,0,0,0,0,0,0,0,0,0,0,0,0,18,0,0,0,0,0,0,0,0,0,0,0,0,0,0,1,255,50,0,1,0,Y2c7wMdYBdeBMiGPj137TS4+Vcmu6ixx/jlK1rMbzf4=
316,Sharp Pointy Teeth,100,0,0,12,0,0,0,0,0,0,0,0,0,0,0,0,14,0,0,0,0,0,0,0,0,0,0,0,1,0,0,0,255,50,0,0,0,q1Q4HPzRF2RAl/HPWyhLdHpc6baz1/WYgvIQYYuOGGc=
317,Chain,178,0,0,1,0,0,0,0,0,0,0,0,0,0,0,0,0,15,0,0,0,0,0,0,0,0,0,0,1,0,0,1,255,50,0,4,0,CrfYc46QVoi7WhPvYJ5msZuajBmZe35nVkotrUJV2qY=
318,Broadsword,178,0,0,20,0,0,0,0,0,0,0,0,0,0,0,0,18,0,0,0,0,0,0,0,0,0,0,0,0,0,0,1,255,50,0,2,0,v0/AnQaqeqsSiMoiOgUAdNZxbg7Y9ZOrJjQuLX45lB4=
319,Hardened Fist,100,0,0,1,0,0,0,0,0,0,0,0,0,0,0,0,0,1,0,0,0,0,0,0,0,0,0,0,0,0,0,0,255,50,0,0,0,5LNSF4FW6YPdjNkIOP3FZbCDI6GIeim+gK6AXZ+CL84=
320,Bare Foot,100,0,0,1,0,0,0,0,0,0,0,0,0,0,0,0,0,1,0,0,0,0,0,0,0,0,0,0,0,0,0,0,255,50,0,0,0,onKsXmVLEMAwcLye0ERj7wHKGChfgzt5/eINZavzks4=
321,Longsword,178,0,0,17,0,0,0,0,0,0,0,0,0,0,0,0,24,15,0,0,0,0,0,0,0,0,0,0,1,0,0,2,255,50,0,2,0,ZWj3XCuGpc2w7250LMTQyHcRW8IrdujYxi3v2O1QacM=
322,Talons,100,0,0,10,0,0,0,0,0,0,0,0,0,0,0,0,13,0,0,0,0,0,0,0,0,0,0,0,1,0,0,0,255,50,0,0,0,Jc3q4yu3pKVFwdR6Fg1r36OvoCrYuUETaFPKXf8dOcQ=
323,Sceptre Of Evil,178,0,0,4097,0,0,0,0,24,0,0,0,0,0,0,0,0,15,0,0,0,0,0,0,50,0,10,28,1,10,40,2,255,10,0,6,0,5HsaJYQ/+NgwcEfdGKK/xyUvjcH23f4HbXWfBGy0nb4=
324,Razor Ice,178,0,0,20502,0,0,0,18,0,0,0,0,0,0,0,0,27,0,0,0,0,0,0,0,20,0,0,0,1,7,0,1,255,50,0,9,0,ixuSpaBFeB4IuQV8j4Iv9JPCewQE+HxSaYjrCAFZPZU=
325,Sword Of The Adept,178,0,0,22,0,0,0,0,0,0,0,0,0,0,0,0,27,0,0,0,0,0,0,0,255,0,10,10,1,10,0,1,255,50,0,4,0,5WhSkT90Zdy2mOuQDrm3YIm7PbXzh7rqOG5xYfN+ahA=
326,Claymore,178,0,0,25,0,0,0,0,0,0,0,0,0,0,0,0,28,15,0,0,0,0,0,0,30,0,28,20,1,19,0,2,255,15,0,2,0,i8xknujIZOA14GAFwWSLfONjNRTZ22LJc2hzzWFFJa4=
327,Ebon Blade,178,0,0,2068,0,0,0,0,0,0,24,0,0,0,0,0,26,0,0,0,0,0,0,0,50,0,18,18,1,10,0,1,255,15,0,4,0,fwMqKwVLfUJXY4M3eu/xN1jdkntnkbbMSr6TiiP2dkU=
328,Freezing Breath,100,0,0,12308,0,0,0,30,0,0,0,0,0,0,0,0,26,0,0,0,0,0,0,0,0,0,0,0,0,0,0,0,255,0,0,0,0,AdHooFcqw97DfPYZPRzBCpo60OvO16ZEFSdOWDIGUEg=
329,Teeth,100,0,0,23,0,0,0,0,0,0,0,0,0,0,0,0,27,1,0,0,0,0,0,0,0,0,0,0,0,0,0,0,255,0,0,0,0,SoIti8AnLwRaxN+4ewV5yDTjOjuurFdmWoQ7LuhNVPY=
330,Claw,100,0,0,21,0,0,0,0,0,0,0,0,0,0,0,0,26,1,0,0,0,0,0,0,0,0,0,0,0,0,0,0,255,0,0,0,0,1ppkIVNVK24Q0PTSTUwi1PP+nbESdPg6q5lY0KLRTs4=
331,Slimy Tentacle,100,0,0,9,0,0,0,0,0,0,0,0,0,0,0,0,12,1,0,0,0,0,0,0,0,0,0,0,0,0,0,0,255,0,0,0,0,HtMoH1WHRxMDpT2sX2K/bg34UlIk5Ah6JJOGJuaMfHI=
332,Bony Claw,100,0,0,12,0,0,0,0,0,0,0,0,0,0,0,0,14,0,0,0,0,0,0,0,0,0,0,0,0,0,0,0,255,0,0,0,0,buQ1SMaa1cq/FAWZK+A9bhniN1gQV9HRc8I8TmbC+oM=
333,Talons,100,0,0,10,0,0,0,0,0,0,0,0,0,0,0,0,13,0,0,0,0,0,0,0,0,0,0,0,0,0,0,0,255,0,0,0,0,PgaI4e+gnspoBK2972SCNvJQ9YcrKsQYU1i8b7zFkKk=
334,Sickle,178,0,0,14,0,0,0,0,0,0,0,0,0,0,0,0,26,0,0,0,0,0,0,0,14,0,10,10,0,7,0,2,255,4,0,1,0,AdL9SFHcGIfcgSR9uEFWDbPmCQKXH7Y07kEURDq7jNM=
335,Sceptre Of Chaos,178,0,0,9217,0,0,0,0,16,0,16,0,0,0,0,0,0,15,0,0,0,0,0,0,40,0,0,0,0,0,0,2,255,0,0,1,0,jYxsPhjLIYqSf9X/VmnyipiwgBhVupvEDW/VxednlHA=
336,Golden Spear,178,0,0,96,0,0,0,0,0,0,0,0,0,0,0,18,16,0,0,0,0,0,0,0,28,0,14,18,0,10,0,1,255,30,0,6,0,aNISpc2pUFs+HqijWGkdQTKLkUmeJDmYEP9X9KQ9kWI=
337,Dripping Fangs,100,0,0,534,0,0,0,0,0,0,0,0,16,0,0,0,19,0,0,0,0,0,0,0,0,0,0,0,0,0,0,0,255,0,0,0,0,enZr2pKjjCvGOx5CkRpyyqb1NqGAjK8UrVwRvrdmQG8=
338,Unholy Mace,178,0,0,8201,0,0,0,0,16,0,0,0,0,0,0,0,23,15,0,0,0,0,0,0,48,0,18,20,0,0,0,2,255,15,0,6,0,PmpELPf/COHcCf2UfVn1SaO0HbCKhDnGb8NyU1O+FY0=
339,Onyx Scythe,178,0,0,12,0,0,0,0,0,0,0,0,0,0,0,0,39,0,0,0,0,0,0,0,40,0,20,20,0,14,0,2,255,20,0,4,0,YmQJ1fhuCXaTPRrUgzAVKX0Md8E1Qt7h7wXrCcNmwXA=
340,Stealer Of Souls,178,0,0,11284,0,0,0,24,128,0,0,0,0,0,0,0,26,0,0,0,0,0,0,0,80,0,14,14,0,15,20,2,255,18,0,9,0,fY4kD+V1U3+LoCmR+6IN53GLdOy7u+5Hk5psfP71ZrU=
341,Unholy Sword,178,0,0,13337,0,0,0,0,14,0,12,0,0,0,0,0,28,15,0,0,0,0,0,0,80,0,30,20,0,19,20,2,255,15,0,7,0,LbcpbLx1f1+t9u7x1cUrhTJErnqXtSyuMjlAqQqRlOo=
342,Sword Of Demons,178,0,0,8213,0,0,0,0,24,0,0,0,0,0,0,0,18,15,0,0,0,0,0,0,24,0,18,18,0,10,20,2,255,15,0,5,0,dB3X0+mAKBxrdJa/4kD1CwWMh+aRHt8/QrzYO6unM8U=
343,Flaming Pitchfork,178,0,0,182,0,0,0,0,0,0,0,0,0,16,0,0,19,0,0,0,0,0,0,0,20,0,20,20,0,12,0,2,255,20,0,7,0,gsRQQgmNYLO2oeQnRQjlWPX4AkKAmjNkDRvhrJXSHjo=
344,Thunder Hammer,178,0,0,1,0,0,0,0,0,0,0,0,0,0,0,0,0,15,0,0,0,0,0,0,40,0,40,40,0,13,0,2,255,8,0,2,0,CDkGq4QtG1/58Wn+P4U+SRYKTchkLWki+PPZVRrHb3c=
345,Flying Debris,100,0,0,121,0,0,0,0,0,0,0,0,0,0,14,14,0,1,0,0,0,0,0,0,0,0,0,0,0,0,0,0,255,20,0,0,0,j2UuOFJneSzrZG0UoxI8EEoLQWf4d7gzpfj1izbGPXE=
346,Ripping Winds,100,0,0,48,0,0,0,0,0,0,0,0,0,0,30,0,0,0,0,0,0,0,0,0,0,0,0,0,0,0,0,0,255,0,0,0,0,9CAQjXgkCMNmyqLydsuUVoTxJy+lIlblFuatXP+JCyY=
347,Lightning Bolt,100,0,0,256,0,0,0,0,0,0,0,20,0,0,0,0,0,0,0,0,0,0,0,0,0,0,0,0,0,0,0,0,255,0,0,0,0,/izKkAyO5byLnGgzomp/XSMiM9HBTmRml6YYWWSTO3g=
348,Hugh Jaws,100,0,0,24,0,0,0,0,0,0,0,0,0,0,0,0,44,0,0,0,0,0,0,0,0,0,0,0,0,0,0,0,255,0,0,0,0,MD7KP77S1QGwiniAIiEHIVkIGFwW8Gkq2hPHqN6n8QU=
349,Hugh Jaws,100,0,0,9,0,0,0,0,0,0,0,0,0,0,0,0,12,1,0,0,0,0,0,0,0,0,0,0,0,0,0,0,255,0,0,0,0,v3CiPDpoyQxuE/vp2Qg2aNWjaO6fD/0G2wj8ACaS8HE=
350,Spiked Tail,100,0,0,17,0,0,0,0,0,0,0,0,0,0,0,0,24,1,0,0,0,0,0,0,0,0,0,0,0,0,0,0,255,0,0,0,0,49I0y8DPiuISBW0uJyguZ7Y1X4vRWsamWF+hSWwZL1o=
351,Dripping Canines,100,0,0,16,0,0,0,0,0,0,0,0,0,0,0,0,16,0,0,0,0,0,0,0,0,0,0,0,0,0,0,0,255,0,0,0,0,izkD98rBOd6ruxQk0jD0VHgdxncIpeway9nH/oweF3s=
352,Fiery Talons,100,0,0,4268,0,0,0,0,0,12,0,0,0,13,0,0,14,0,0,0,0,0,0,0,0,0,0,0,0,0,0,0,255,0,0,0,0,pzkBtsmw84RgR1sngnWNWuoE4gug89VVb4y0y3F+fck=
353,Immolation,100,0,0,96,0,0,0,0,0,0,0,0,0,30,0,0,0,0,0,0,0,0,0,0,0,0,0,0,0,0,0,0,255,0,0,0,0,aWgkJN52Sx9I8g67343s5IuQ+0M3XZPi9Kxqp2N3bwY=
354,Slimy Tentacle,100,0,0,0,0,0,0,0,0,0,0,0,0,0,0,0,18,40,0,0,0,0,0,0,0,0,0,0,0,0,0,0,255,0,0,0,0,ulB6+hOD3+y4+/GNHyco0nWen/DeAC27cfO3lVhyOJE=
355,Stilletto,178,0,0,0,0,0,0,0,0,0,0,0,0,0,0,0,21,0,0,0,0,0,0,0,0,0,0,0,0,0,0,1,255,0,0,1,0,9O6sm8PKjK9BLP6qorVWFl61cHic8RUnfnxUTnB0U8s=
356,Skean,178,21,0,0,0,0,0,0,0,0,0,0,0,0,0,0,24,0,0,0,0,0,0,0,0,0,0,0,0,0,0,1,255,0,0,0,0,nOPQAa1mhLy7iVrgiCPH8pY16pIfIL89sDpRBz/etj4=
357,Nasty Knife,178,0,0,0,0,0,0,0,0,0,0,0,0,0,0,0,22,0,0,0,0,0,0,0,0,0,0,0,0,0,0,1,255,0,0,1,0,QYTqZGNsiABCeCF5/DfovMdU+K65i2svQLY5uo+FH/o=
358,Kris Knife,178,0,0,0,0,0,0,0,0,0,0,0,0,0,0,0,36,0,0,0,0,0,0,0,0,0,0,0,0,0,0,1,255,0,0,1,0,eTeTKyXo8ffk3HtL+gx53nq+r4jkMjTIyi1A7p7Ae+A=
359,Opal Cutlass,178,0,0,0,0,0,0,0,0,0,0,0,0,0,0,0,26,0,0,0,0,0,0,0,0,0,0,0,0,0,0,1,255,0,0,5,0,Q9gl7o6HPuhu1ZNlK6XbdP3t9RoMRyzXlDYw0bF9uSs=
360,Damascus Dagger,178,0,0,0,0,0,0,0,0,0,34,0,0,0,0,0,53,0,0,0,0,0,0,0,0,0,0,0,0,0,0,1,255,0,0,1,0,egt6RAWJF020+rnWttVBlVkjO7MCJTsCPMmrkw7N6O8=
361,Katar,178,0,0,0,0,0,0,0,0,0,0,0,0,0,0,0,36,24,0,0,0,0,0,0,0,0,0,0,0,0,0,1,255,0,0,1,0,Xam8UkVHhpdJlLv20ksqcieqHG2ESTELyp9QZ3uVT1o=
362,Katar,178,0,0,0,0,0,0,0,0,0,0,0,0,0,0,0,36,24,0,0,0,0,0,0,0,0,0,0,0,0,0,1,255,0,0,1,0,gwnirxLXCQo24vKss1fGXsBdzyWYIj566U+WtgzocSI=
363,Katana,178,0,0,0,0,0,0,0,0,0,0,0,0,0,0,0,38,0,0,0,0,0,0,0,0,0,0,0,0,0,0,2,255,0,0,2,0,CMBYcdTGvWfku5cIHEKK/uUSxlNjdHyGGQt5DrSQjNI=
364,Battle Axe,178,0,0,0,0,0,0,0,0,0,0,0,0,0,0,0,39,18,0,0,0,0,0,0,0,0,0,0,1,0,0,2,255,0,0,1,0,grl5ZAQSv3RNKZW0RVBn87QzmQQbrZ8BqZ5h24egjxo=
365,War Hammer,178,0,0,0,0,0,0,0,0,0,0,0,0,0,0,0,0,36,0,0,0,0,0,0,0,0,0,0,1,0,0,2,255,0,0,3,0,bvFVYrwBLkDSpLNMiVDNJSblVk6pNIXo13RpOQX96DI=
366,Halberd,178,0,0,0,0,0,0,0,0,0,0,0,0,0,0,0,38,17,0,0,0,0,0,0,0,0,0,0,1,0,0,2,255,0,0,2,0,jLl8Hkit/M7GfYf1dBfuYY+lPeDji9s4kf0vhQ9ekuY=
367,Halberd,178,0,0,0,0,0,0,0,0,0,0,0,0,0,0,0,38,17,0,0,0,0,0,0,0,0,0,0,1,0,0,2,255,0,0,2,0,rkiM/dJ9wfhc9ng5K3RWZFgauQyfwGPeeDEOIieuZsY=
368,Great Axe,178,0,0,0,0,0,0,0,0,0,0,0,0,0,0,0,46,18,0,0,0,0,0,0,0,0,0,0,1,0,0,2,255,0,0,2,0,Y8ytlyv96lAn28Hh7+D4XHvhkuOl2hZ1Ijiq76gtnd0=
369,Sceptre Of Chaos,178,0,0,0,0,0,0,69,146,0,0,19,0,12,255,165,255,136,0,0,0,0,0,0,0,0,0,0,1,0,0,2,255,0,0,9,0,olHDYSJlzQ7Q93YMD+gr4VV+0xLCOjJtPL9C5solaVY=
370,Ebon Blade,178,0,0,0,0,0,0,0,0,0,36,0,0,0,0,0,38,0,0,0,0,0,0,0,0,0,0,0,0,0,0,1,255,0,0,4,0,El81kuexlQ7HbcB5LDReZjGAxyrYdjDKQ6nFsSKItkg=
371,Gladius,178,0,0,0,0,0,0,0,0,0,0,0,0,0,0,0,35,0,0,0,0,0,0,0,0,0,0,0,0,0,0,1,255,0,0,3,0,1ixpX98vYACdU9AkjRPBF4MwswIeCVqkzB/zhVnoiPE=
372,Longsword,178,0,0,0,0,0,0,0,0,0,0,0,0,0,0,0,36,17,0,0,0,0,0,0,0,0,0,0,0,0,0,2,255,0,0,2,0,P/rRQbATMsNMzOulyqIlC9B64PAsA9QSCjSKNlSGIY4=
373,Sword Of Light,178,0,0,0,0,0,0,0,0,0,0,0,0,0,0,0,26,0,0,0,0,0,0,0,0,0,0,0,0,0,0,1,255,0,0,2,0,+pdW3CByyuxk/7jR1Ls9kV2miQweHfuK2IH/BZxEsok=
374,Long Arm Of The Law,178,0,0,0,0,0,0,17,17,17,17,17,17,17,17,17,17,17,0,0,0,0,0,0,0,0,0,0,0,0,0,2,255,0,0,99,0,H6IwfnwTGjwbuezDodcW5Jc7kVcRcfAlxD/Rsu0jvVY=
375,Broadsword,178,0,0,0,0,0,0,0,0,0,0,0,0,0,0,0,24,0,0,0,0,0,0,0,0,0,0,0,0,0,0,1,255,0,0,2,0,3nhfwfs5hG7HOBI+1fWM4C0yVKjmHssq5nJ8mOWSftg=
376,Mace,178,76,0,0,0,0,0,0,0,0,0,0,0,0,0,0,0,24,0,0,0,0,0,0,0,0,0,0,1,0,0,1,255,0,0,0,0,ziYE8wJzYxvsqGeX7TbosbtRsKGXTCws5q7ixIFmrHE=
377,Sword Of Doom,178,0,0,0,0,0,0,0,28,0,0,0,0,0,0,0,36,17,0,0,0,0,0,0,0,0,0,0,0,0,0,2,255,0,0,4,0,x1zCmORX5SySVIYkx8v/Wy1PJuWmJPNzDQ4TemMHTds=
378,Dagger,178,0,0,0,0,0,0,0,0,0,0,0,0,0,0,0,22,0,0,0,0,0,0,0,0,0,0,0,0,0,0,1,255,0,0,1,0,bp1WzPQcSCciczrxxuywa4Rwql2OihOvBRyDWYTongk=
379,Claymore,178,0,0,0,0,0,0,0,0,0,0,0,0,0,0,0,42,19,0,0,0,0,0,0,0,0,0,0,1,0,0,2,255,0,0,3,0,u5njMc9hS8Zt/XBCx+gnWeYwE0Dkfdohc4zMAHLraMU=
380,Flamesword,178,0,0,0,0,0,0,0,0,0,0,0,0,26,0,0,36,17,0,0,0,0,0,0,0,0,0,0,0,0,0,2,255,0,0,6,0,XOdF+eO6ylvpvwhXtu1mMVjxsE5CJzxGLFFZhqA/udg=
381,Hardened Fist,100,0,0,0,0,0,0,0,0,0,0,0,0,0,0,0,0,51,0,0,0,0,0,0,0,0,0,0,0,0,0,0,255,0,0,0,0,YNzrIiSim07smhhWyidoMosXzmvFe+wq1YpuE/JqSec=
382,Bare Foot,100,0,0,0,0,0,0,0,0,0,0,0,0,0,0,0,0,53,0,0,0,0,0,0,0,0,0,0,0,0,0,0,255,0,0,0,0,xekVRpV4h7yiXJzsDyMwOqQ7AhyNkWZBZHxI0wP/6vs=
383,Broadsword,178,0,0,0,0,0,0,0,0,0,0,0,0,0,0,0,24,0,0,0,0,0,0,0,0,0,0,0,1,0,0,1,255,0,0,3,0,/wfUYTVkoZXCl6FH+bqIFwvDUPG1OE5BTabkb6apCKk=
384,Ruby Rapier,178,0,0,0,0,0,0,0,0,0,0,19,0,24,0,0,37,0,0,0,0,0,0,0,0,0,0,0,0,0,0,1,255,0,0,6,0,EQl/a1yIJ9bOjqyUtTkuYJrwfT7EGWFGGJKJP05jIWU=
385,Beam Weapon,178,0,0,0,0,0,0,0,0,0,0,140,0,0,0,0,0,0,0,0,0,0,0,0,0,0,0,0,0,0,0,3,255,0,0,1,0,7ucBMS9n4T92L9Zm9rcQFaNVz6OqQR5l6i0ZlITEHtg=
386,Staff Of Power,178,0,0,0,0,0,0,0,0,0,19,18,0,0,0,0,0,38,0,0,0,0,0,0,0,0,0,0,1,0,0,2,255,0,0,6,0,W4VymYZ7Oob+nS67A3hYaYjqQ4r0iZrHo/aWOw9figo=
387,Serpent Staff,178,0,0,0,0,0,0,0,0,0,0,0,0,0,0,0,22,38,0,0,0,0,0,0,0,0,0,0,1,0,0,2,255,0,0,4,0,XGRVJB/MRkfrGZqbW7AxLH9G2Et9/GAsPzJeZ6UHyLE=
388,Glass Dagger,178,0,0,0,0,0,0,0,143,143,0,0,0,0,0,0,244,0,0,0,0,0,0,0,0,0,0,0,0,0,0,1,255,0,0,5,0,1gKb3ym9pdcEN78GNdDFziJxMZk06PWkCnfrvVGJ4Gc=
389,Dagger,178,0,0,0,0,0,0,0,0,0,0,0,0,0,0,0,23,0,0,0,0,0,0,0,0,0,0,0,0,0,0,1,255,0,0,1,0,uuXtJf7yWXq9JGbJEJIPdPmk4AU0K2dW6wbckTPbj50=
390,Dagger,178,0,0,0,0,0,0,0,0,0,0,0,0,0,0,0,24,0,0,0,0,0,0,0,0,0,0,0,0,0,0,1,255,0,0,1,0,N2zHUXgQgT11IWfjQOJoLA5bS/9Np6OjxE45toz1Yus=
391,Katar,178,0,0,0,0,0,0,0,0,0,0,0,0,0,0,0,24,0,0,0,0,0,0,0,0,0,0,0,0,0,0,1,255,0,0,1,0,+geQRYFYdVeDvdKlcXgd7ZQz9YIPtFeFx8J324cjgKg=
392,Diamond Dagger,178,0,0,0,0,0,0,0,0,0,0,0,0,0,0,0,31,0,0,0,0,0,0,0,0,0,0,0,0,0,0,1,255,0,0,3,0,lLwBnbZtDZiNUv6UCVEm72dwgNr9gu7knB0A+odptfs=
393,Silver Needle,178,0,0,0,0,0,0,0,0,24,24,0,0,0,0,0,38,0,0,0,0,0,0,0,0,0,0,0,0,0,0,1,255,0,0,4,0,YeeGme4HgH6FWIEvGvV9zpqo44UKaRgwwoP80gG82g4=
394,Emerald Knife,178,0,0,0,0,0,0,0,0,0,0,0,0,0,0,24,36,0,0,0,0,0,0,0,0,0,0,0,0,0,0,1,255,0,0,5,0,ECZ93zue2L9t5f4wPfEKLamFDhR4oI5neGh88DRv8F4=
395,Flying Debris,100,0,0,0,0,0,0,0,0,0,0,0,0,0,20,20,0,40,0,0,0,0,0,0,0,0,0,0,0,0,0,0,255,0,0,0,0,erAQ4W++6IyoKmaQIOFhtSpxi0Qar3PU8fFj5NbkuiI=
396,Ripping Winds,100,0,0,0,0,0,0,0,0,0,0,0,0,0,42,0,0,0,0,0,0,0,0,0,0,0,0,0,0,0,0,0,255,0,0,0,0,6jGp46fRmxte0QAVE1Xs3N83w5pgZBz2/q3Z3n39s88=
397,Lightning Bolt,100,0,0,0,0,0,0,0,0,0,0,26,0,0,0,0,0,0,0,0,0,0,0,0,0,0,0,0,0,0,0,0,255,0,0,0,0,GYWstM6RGXbELuU7HYy9TYrDG68krXKa+954BxCVV3c=
398,Sharp Pointy Teeth,100,0,0,0,0,0,0,0,0,0,0,0,0,0,0,0,20,0,0,0,0,0,0,0,0,0,0,0,0,0,0,0,255,0,0,0,0,orroghz9ga8rv09xHiJOZJ/gxucZnD6hQjbHuv8QOys=
399,Huge Jaws,100,0,0,0,0,0,0,0,0,0,0,0,0,0,0,0,68,0,0,0,0,0,0,0,0,0,0,0,0,0,0,0,255,0,0,0,0,ZUCs66ZOxvogUrKHMzYyAP8Z/0Kq5hz7roV/i53bCYs=
400,Claw,100,0,0,0,0,0,0,0,0,0,0,0,0,0,0,0,18,38,0,0,0,0,0,0,0,0,0,0,0,0,0,0,255,0,0,0,0,r8Esk5oQEsrHoiwslaCtMMfQ62O1wwIU1IhObauca30=
401,Spiked Tail,100,0,0,0,0,0,0,0,0,0,0,0,0,0,0,0,36,38,0,0,0,0,0,0,0,0,0,0,0,0,0,0,255,0,0,0,0,sUotLS1YV158HXd/k4AWuWqE3eUaFBbG+SRGKegmo80=
402,Sword,178,0,0,0,0,0,0,0,0,0,0,0,0,0,0,0,35,0,0,0,0,0,0,0,0,0,0,0,0,0,0,1,255,0,0,1,0,QVjEKYj6lhYvT2CiH9EBVg++z6Giq4iGRQyBPtipRqY=
403,Rotting Arm,100,0,0,0,0,0,0,0,0,0,0,0,0,0,0,0,0,22,0,0,0,0,0,0,0,0,0,0,0,0,0,0,255,0,0,0,0,exjodqIvfifiop2RvW8ExFrQAa/M5EzYQP3O74+c+K4=
404,Powerful Hands,100,0,0,0,0,0,0,0,0,0,0,0,0,0,0,0,19,19,0,0,0,0,0,0,0,0,0,0,0,0,0,0,255,0,0,0,0,eN3iC7EEs/Iben+cJDznsus57ysYQajycBYIsRxc7gI=
405,Touch Of Death,100,0,0,0,0,0,0,21,17,0,20,0,0,0,0,0,0,0,0,0,0,0,0,0,0,0,0,0,0,0,0,0,255,0,0,0,0,pX+0F10zxKPXP2rCzUuGw7dfDjQ0hxWtJrhKbFlwZw0=
406,Gaze Of Evil,100,0,0,0,0,0,0,0,22,18,18,0,0,0,0,0,0,0,0,0,0,0,0,0,0,0,0,0,0,0,0,0,255,0,0,0,0,M0W5P+6eZ66EdB7Ms8ccZViyfEXt6WZwYfFnk2u6jvk=
407,Unholy Mace,178,0,0,0,0,0,0,0,26,0,0,0,0,0,0,0,0,26,0,0,0,0,0,0,0,0,0,0,0,0,0,1,255,0,0,6,0,6K3zb7bdmKTPCLdH6oDejysEz1+q1NpaI9ehVND5vd0=
408,Onyx Scythe,178,0,0,0,0,0,0,0,0,0,0,0,0,0,0,0,42,0,0,0,0,0,0,0,0,0,0,0,1,0,0,2,255,0,0,4,0,Ol315HsKrze7vGejWpd8wkC41ZVk9JmNtQkCYphiDsw=
409,Stealer Of Souls,178,0,0,0,0,0,0,24,128,0,0,0,0,0,0,0,38,0,0,0,0,0,0,0,0,0,0,0,1,0,0,2,255,0,0,9,0,9dqnAR1I/2VFBeT1P86WOIT4TLjfdL+oyN4Hjr3wCig=
410,Unholy Sword,178,0,0,0,0,0,0,0,29,0,18,0,0,0,0,0,42,19,0,0,0,0,0,0,0,0,0,0,0,0,0,1,255,0,0,7,0,LmviDiTQG/JIkiUQI77CS8O2Ph9gDuswVD0cOkAEZRU=
411,Yellow Fangs,100,0,0,0,0,0,0,0,0,0,0,0,0,0,0,0,19,0,0,0,0,0,0,0,0,0,0,0,0,0,0,0,255,0,0,0,0,G8U0hjN25o7Gwaz5+2VKIvfyklI7Tn4bGbkzaSOJBxw=
412,Sharp Claws,100,0,0,0,0,0,0,0,0,0,0,0,0,0,0,0,18,0,0,0,0,0,0,0,0,0,0,0,0,0,0,0,255,0,0,0,0,biRu06axGqGt+OTPQBygYaLzlQQOHs0lrDsQX1ftjz4=
413,Powerful Jaws,100,0,0,0,0,0,0,0,0,0,0,0,0,0,0,0,20,20,0,0,0,0,0,0,0,0,0,0,0,0,0,0,255,0,0,0,0,YjTYkPz6Eqg2CpcB74FNhCgLiJuvjQNX56EUFVN7QjQ=
414,Scorching Breath,100,0,0,0,0,0,0,0,0,0,0,0,0,38,0,0,0,0,0,0,0,0,0,0,0,0,0,0,0,0,0,0,255,0,0,0,0,hZKYKE2Q1Z9Npy1rMPUbG2roTJCMrbtQEbaRhd0avUo=
415,Sickle,178,0,0,0,0,0,0,0,0,0,0,0,0,0,0,0,35,0,0,0,0,0,0,0,0,0,0,0,0,0,0,2,255,0,0,1,0,Agx0Lv3gsmP5DTPyxuEM8sV6PlJppwn3IKD2lq4H+Kw=
416,Talons,100,0,0,0,0,0,0,0,0,0,0,0,0,0,0,0,19,0,0,0,0,0,0,0,0,0,0,0,0,0,0,0,255,0,0,0,0,cEp4vmLLMcThirPzsHjHMHEJDNF5l7+MAF5gVrVpu4A=
417,Shriek,100,0,0,0,0,0,0,0,0,0,21,0,0,0,0,0,0,0,0,0,0,0,0,0,0,0,0,0,0,0,0,0,255,0,0,0,0,zejtSiCeoidO1K1zODvoIjSEQmASbwDG2MEJZMoojd8=
418,Bony Claw,100,0,0,0,0,0,0,0,0,0,0,0,0,0,0,0,20,0,0,0,0,0,0,0,0,0,0,0,0,0,0,0,255,0,0,0,0,61Ni+7lECRPO4Tr5ZLMwaDlSGa22c2WSBzJyRizSqMM=
419,Razor-Like Teeth,100,0,0,0,0,0,0,0,0,0,0,0,0,0,0,0,22,0,0,0,0,0,0,0,0,0,0,0,0,0,0,0,255,0,0,0,0,gCTtBOlCmpBc7JgAtss8Ca3MtvAKhBnUa++fppmpjxQ=
420,Claw,100,0,0,0,0,0,0,0,0,0,0,0,0,0,0,0,20,0,0,0,0,0,0,0,0,0,0,0,0,0,0,0,255,0,0,0,0,54ef++RlsBts/j36mWzVd6P1leBixUU7y+L9Hcifg1g=
421,Poisoned Tail,100,0,0,0,0,0,0,0,0,0,0,0,0,0,0,0,21,0,0,0,0,0,0,0,0,0,0,0,0,0,0,0,255,0,0,0,0,+YMBizQ6ko/oc1L+xTBaBhkECemm0gi9I9kN5MVC4wo=
422,Sword Of Demons,178,0,0,0,0,0,0,0,36,0,0,0,0,0,0,0,24,18,0,0,0,0,0,0,0,0,0,0,0,0,0,2,255,0,0,5,0,zBR5Si4yOoMEHcvKZ/DHuboD4Pq2mGVSz+/93ciZmJc=
423,Flaming Pitchfork,178,0,0,0,0,0,0,0,0,0,0,0,0,19,0,0,25,0,0,0,0,0,0,0,0,0,0,0,0,0,0,2,255,0,0,7,0,lY3v9+lHPFc23M3SRg7H85XNyYzHcnZlTr/T0/cp4Qs=
424,Bolt Of Lightning,100,0,0,0,0,0,0,0,0,0,0,23,0,0,0,0,0,0,0,0,0,0,0,0,0,0,0,0,0,0,0,0,255,0,0,0,0,7ADmZeUS6UGarhu6axZCtZxkm7CGkceBo5c267T1268=
425,Nature,100,0,0,0,0,0,0,18,0,0,0,18,18,18,18,18,17,17,0,0,0,0,0,0,0,0,0,0,0,0,0,0,255,0,0,0,0,JcdeKUoT6fq8pql0dplOZLEonYwe7pgKvVMCLWMdHtk=
426,Dripping Canines,100,0,0,0,0,0,0,0,0,0,0,0,0,0,0,0,22,0,0,0,0,0,0,0,0,0,0,0,0,0,0,0,255,0,0,0,0,6L7/2T6SRvVsqyDUL1dUSiKwucw0ALkDzfW0QEUupXs=
427,Fangs,100,0,0,0,0,0,0,0,0,0,0,0,0,0,0,0,22,0,0,0,0,0,0,0,0,0,0,0,0,0,0,0,255,0,0,0,0,fVVnTXhJEHWYkijCz/mdyMv2s+OiYeZOjnlXmK94FmY=
428,Claws,100,0,0,0,0,0,0,0,0,0,0,0,0,0,0,0,20,0,0,0,0,0,0,0,0,0,0,0,0,0,0,0,255,0,0,0,0,oJ7WkRFHbf26HcbIC7UnLrPvKSnMerkqLWbxzcjKBOk=
429,Baselard,178,0,0,0,0,0,0,0,0,0,0,0,0,0,0,0,36,0,0,0,0,0,0,0,0,0,0,0,0,0,0,1,255,0,0,1,0,HZmkNkIOgeoA9ho40WGAgipRrsXxJ+rx28XKJSwCwes=
430,Falchion,178,0,0,0,0,0,0,0,0,0,0,0,0,0,0,0,25,0,0,0,0,0,0,0,0,0,0,0,0,0,0,1,255,0,0,3,0,KFoxY4TqBP3RrllXhTqkeusaF/CHT+3dekqEZz3EDqQ=
431,Jade Lance,178,0,0,0,0,0,0,24,0,0,0,0,0,0,0,0,26,0,0,0,0,0,0,0,0,0,0,0,0,0,0,2,255,0,0,3,0,SgErpDOW+DAm1hvuqz8y9RJepGo3a8HWBNMFl6QU+Vw=
432,Daito,178,0,0,0,0,0,0,0,0,0,0,0,0,0,0,0,39,0,0,0,0,0,0,0,0,0,0,0,0,0,0,2,255,0,0,1,0,FXu9hyLLd4jfhtkB2y2JFaAFmtaEcYyvNMUYLO81fZY=
433,Kusarikama,178,0,0,0,0,0,0,0,0,0,0,0,0,0,0,0,24,0,0,0,0,0,0,0,0,0,0,0,0,0,0,2,255,0,0,1,0,pSkO5ZAYcMdOa4ce/yOkdBPl/a2Or6EvrsRm0FSHKCE=
434,Triple Irons,178,0,0,0,0,0,0,0,0,0,0,0,0,0,0,0,0,52,0,0,0,0,0,0,0,0,0,0,0,0,0,2,255,0,0,3,0,Qm424c1jrz6/dHWPp8CDr0asxnKTtHBUZmq+4wOegKo=
435,Golden Spear,178,0,0,0,0,0,0,0,0,0,0,0,0,0,0,26,22,0,0,0,0,0,0,0,0,0,0,0,1,0,0,2,255,0,0,5,0,MPVhaJkVpQmDw85IImfEeolqB2LRGKaDOPRPJrSrg+A=
436,Trident,178,0,0,0,0,0,0,0,0,0,0,0,0,0,0,0,24,0,0,0,0,0,0,0,0,0,0,0,1,0,0,2,255,0,0,1,0,4ZutB4FbiLNwvGqKHzHNVzlEY1zM/DW3osPpo8hEbZ0=
437,Glaive,178,0,0,0,0,0,0,0,0,0,0,0,0,0,0,0,37,0,0,0,0,0,0,0,0,0,0,0,0,0,0,2,255,0,0,3,0,TyK1V6IiZuWP1G40r14AqTcxed823VpgaossE3+U90Q=
438,Bare Hand,100,0,0,0,0,0,0,0,0,0,0,0,0,0,0,0,0,20,0,0,0,0,0,0,0,0,0,0,0,0,0,0,255,0,0,0,0,2sttzz86r4JWG4XDfvaPRLO5ewPY+1NDzI/8pZ9Z8Pw=
439,Rapier,178,0,0,0,0,0,0,0,0,0,0,0,0,0,25,0,36,0,0,0,0,0,0,0,0,0,0,0,0,0,0,1,255,0,0,1,0,CNlRz06SGOXwnBksUrsFTrkN9NAIN9Y8slf4rrZel3g=
440,War Scythe,178,80,0,0,0,0,0,0,0,0,0,0,0,0,0,0,42,0,0,0,0,0,0,0,0,0,0,0,1,0,0,2,255,0,0,0,0,jcKlV7nXSOrvcwfyHzW+LmrNq2s2qNWNFok9VKjBy+Y=
441,Trident,178,0,0,0,0,0,0,0,0,0,0,0,0,0,0,0,24,0,0,0,0,0,0,0,0,0,0,0,0,0,0,2,255,0,0,1,0,06WMhleMePIXRdUJZR9V5UR/gZh24Sr/+2AEAIAkeOU=
442,Sucking Tentacle,100,0,0,0,0,0,0,0,0,0,0,0,0,0,0,0,0,23,0,0,0,0,0,0,0,0,0,0,0,0,0,0,255,0,0,0,0,bYT6mklKh5EzPklrRIrDU+Hn/WZV8tYtQhYUfqleaLo=
443,Mind Blast,100,0,0,0,0,0,0,0,0,0,30,0,0,0,0,0,0,0,0,0,0,0,0,0,0,0,0,0,0,0,0,0,255,0,0,0,0,GnQRWSj9vyiSMd6d8l8HDVmaFyMdksyTy6StGlAvR0U=
444,Scorching Breath,100,0,0,0,0,0,0,0,0,0,0,0,0,38,0,0,0,0,0,0,0,0,0,0,0,0,0,0,0,0,0,0,255,0,0,0,0,+1Nq/fQHs86vSzLtup9bDcR1GCOCvPYOklBmIk5IeFs=
445,Teeth,100,0,0,0,0,0,0,0,0,0,0,0,0,0,0,0,26,19,0,0,0,0,0,0,0,0,0,0,0,0,0,0,255,0,0,0,0,4D9UxYUSn77kVwMRz5bscnftKl+K2PcSf3zTnHjAYF4=
446,Claw,100,0,0,0,0,0,0,0,0,0,0,0,0,0,0,0,36,18,0,0,0,0,0,0,0,0,0,0,0,0,0,0,255,0,0,0,0,BFJ+h+OsZyhmO47snaQAQvxjBcAVIpUPEqGcv3ejo7o=
447,Katana,178,0,0,0,0,0,0,0,0,0,0,0,0,0,0,0,37,0,0,0,0,0,0,0,0,0,0,0,0,0,0,2,255,0,0,2,0,UZ9dVCADb2w45SMIu4pzRCdLUotTz6xQkkaoEUCNJn8=
448,Naginata,178,0,0,0,0,0,0,0,0,0,0,0,0,0,0,0,38,0,0,0,0,0,0,0,0,0,0,0,0,0,0,2,255,0,0,5,0,GJVqZLWqIAf6Rtcs2IbfLy0e7plltqvR2xIpCf3kwmU=
449,Nunchaku,178,0,0,0,0,0,0,0,0,0,0,0,0,0,0,0,0,37,0,0,0,0,0,0,0,0,0,0,0,0,0,2,255,0,0,2,0,vc1oQ8JnxWcMEs8J0Gw34K+/Rn/QC22aRcmJB3nsi2k=
450,Sawtoothed Club,178,0,0,0,0,0,0,0,0,0,0,0,0,0,0,0,22,26,0,0,0,0,0,0,0,0,0,0,0,0,0,1,255,0,0,1,0,aui50lSKgDmYxlTYihAAw7sPy0AFEZYae6x0ydq7/Ps=
451,Poisonous Fangs,100,0,0,0,0,0,0,0,0,0,0,0,22,0,0,0,25,0,0,0,0,0,0,0,0,0,0,0,0,0,0,0,255,0,0,0,0,O/BLh5pnIxHBSCvCCvNVhV0fGu4Ukd9V1scpWfOvTbU=
452,Dripping Fangs,100,0,0,0,0,0,0,0,0,0,0,0,22,0,0,0,25,0,0,0,0,0,0,0,0,0,0,0,0,0,0,0,255,0,0,0,0,ShNL2X7DACys8jQ5aQ+7+MV9x0VJCWrk4ulVuvQvTDE=
453,Kukri,178,0,0,0,0,0,0,0,0,0,0,0,0,0,0,0,23,0,0,0,0,0,0,0,0,0,0,0,0,0,0,1,255,0,0,1,0,ld14CgNKuB6vnK3ySLVo7XRQucrEJjPreJahdl0F+NU=
454,Kukri,178,0,0,0,0,0,0,0,0,0,0,0,0,0,0,0,23,0,0,0,0,0,0,0,0,0,0,0,0,0,0,1,255,0,0,1,0,Arx4Nc2dXEBAId9wNB7PqUDjFZLu0+a+BeD4uBWcAFg=
455,Freezing Breath,100,0,0,0,0,0,0,58,0,0,0,0,0,0,0,0,0,0,0,0,0,0,0,0,0,0,0,0,0,0,0,0,255,0,0,0,0,NQQII+ACM+oD2+1aAV9cq2dwFkVCuASiLMSn9x3umlo=
456,Teeth,100,0,0,0,0,0,0,0,0,0,0,0,0,0,0,0,39,35,0,0,0,0,0,0,0,0,0,0,0,0,0,0,255,0,0,0,0,snFcuTxlfX5AWuqeOhC8uxJkdFWYyIIgI+bj6F75HK8=
457,Claw,100,0,0,0,0,0,0,0,0,0,0,0,0,0,0,0,38,34,0,0,0,0,0,0,0,0,0,0,0,0,0,0,255,0,0,0,0,Zj/GuqbhnJGn1aAv6ujG19L+SKR4ZLi8/K/V/UhaFi8=
458,Fiery Breath,100,0,0,0,0,0,0,0,0,0,0,0,0,79,0,0,0,0,0,0,0,0,0,0,0,0,0,0,0,0,0,0,255,0,0,0,0,9xfjUPv7Qh6l1Y1vhyHSS6EnXV/xvPkeIPIXzGPZQ0A=
459,Teeth,100,0,0,0,0,0,0,0,0,0,0,0,0,0,0,0,58,35,0,0,0,0,0,0,0,0,0,0,0,0,0,0,255,0,0,0,0,NLr5nuj5qzVghPD7KN5wERM/Soc9A9JeBrfEY0ORZlI=
460,Claw,100,0,0,0,0,0,0,0,0,0,0,0,0,0,0,0,52,51,0,0,0,0,0,0,0,0,0,0,0,0,0,0,255,0,0,0,0,VBnXeihLVHRrBvckdh6v0AOgWMrK3nIAzccHwEv9y/w=
461,Sceptre Of Evil,178,0,0,0,0,0,0,0,38,0,0,0,0,0,0,0,0,42,0,0,0,0,0,0,0,0,0,0,1,0,0,2,255,0,0,6,0,Yldp9Ink8LIdf8Y2wA8Tp6lD4T7yxYZ4KsXPRjffclc=
462,Sceptre Of Evil,178,0,0,0,0,0,0,0,36,0,0,0,0,0,0,0,0,40,0,0,0,0,0,0,0,0,0,0,1,0,0,2,255,0,0,6,0,0xJa0mbxUkaNqJ6MoloF+5ZC2pStP2Cwb0VnatzRv1g=
463,Ice Axe,178,0,0,0,0,0,0,128,0,0,0,0,0,0,0,0,28,14,0,0,0,0,0,0,0,0,0,0,1,0,0,2,255,0,0,5,0,LPwkPBOe3aHg1yA2hpgf7bRe4MknMyAOOYbA/bDONHE=
464,Stealer Of Souls,178,0,0,0,0,0,0,24,128,0,0,38,0,0,0,0,0,0,0,0,0,0,0,0,0,0,0,0,1,0,0,2,255,0,0,9,0,R0/Hbcstdi2fcTOQyxTPqSdjeudvFROfoZMG1ZOq0tw=
465,Silver Needle,178,0,0,0,0,0,0,0,0,24,24,0,0,0,0,0,39,0,0,0,0,0,0,0,0,0,0,0,0,0,0,1,255,0,0,3,0,MuxoIfkoHk5rmJlahp7IDewrKYMpo/zd7mlVp6J/f2E=
466,Noxious Fumes,100,0,0,0,0,0,0,0,0,0,0,0,0,0,0,0,0,24,0,0,0,0,0,0,0,0,0,0,0,0,0,0,255,0,0,99,0,KsXk3nEl567x1qetqmHYfv2KGQxLc9d8gWWYLzokK4M=
467,Burst of Spores,100,0,0,0,0,0,0,0,0,0,0,0,0,0,0,0,0,24,0,0,0,0,0,0,0,0,0,0,0,0,0,0,255,0,0,99,0,4UIXDVsEmIk2R+CBcqIWtf2BXmU4ht7YjVuIsFoh1h0=
468,Blade Attachment,100,0,0,0,0,0,0,0,0,0,0,0,0,0,0,88,0,0,0,0,0,0,0,0,0,0,0,0,0,0,0,0,255,0,0,99,0,NJraXg6Z5ZbC1pwE1m5JfJ+2v05Mb5D3a/Kh1H2/nqo=
469,Lens Attachment,100,0,0,0,0,0,0,0,0,0,56,0,56,0,0,0,0,0,0,0,0,0,0,0,0,0,0,0,0,0,0,0,255,0,0,99,0,EJ5WRNK8P9FZwC72gEf4nTPzDJs5FtNexfckT+6L5Lw=
470,Nozzle Attachment,100,0,0,0,0,0,0,0,0,0,0,0,111,0,0,0,0,0,0,0,0,0,0,0,0,0,0,0,0,0,0,0,255,0,0,99,0,FId5rfoRuAiUmdQX6Zai91NIsxXwJv70Am+Fdhd4A8w=