0,50,1,Devourer,,dissolves in a puddle@of thick smelly ooze.,0,128,0,0,0,0,0,72,0,72,0,2,20,8,30,0,22,60,50,85,85,51,51,51,51,51,51,51,51,51,0,0,0,0,0,0,0,0,0,0,0,0,0,0,0,0,0,331,0,0,0,0,0,100,0,0,0,0,0,0,0,0,0,0,0,0,0,0,0,0,0,8,dmQ8CE1SWVbki67kWuVo6bzuWDNUWEhxFHRwFUoTPB8=
1,1,4,Thief,Thieves,will plague@this world no longer,0,128,0,0,0,0,0,5,0,5,27,28,12,12,12,12,12,12,12,15,15,0,0,13,0,0,0,0,0,0,0,0,0,0,0,0,1,1,1,2,0,60,10,2,3,1,1,355,356,357,358,359,360,30,20,20,10,10,10,16,0,0,0,0,0,0,0,0,0,0,0,0,EAayDwqxCPLqZXAq78mzvIk2DKVxFrooqiX/WzCOZ6U=
2,1,1,Assassin,,dies his face frozen in@an expression of shock and disbelief,0,64,0,0,0,0,0,40,0,40,72,73,20,20,60,20,20,65,99,22,22,0,0,19,0,0,0,0,0,0,0,0,0,0,0,0,0,0,0,7,1,0,0,0,0,3,1,262,263,264,0,0,0,33,33,33,0,0,0,0,0,0,0,0,0,0,0,0,0,0,0,4,PW3RFoJUl7TWAWUGU7YrmQi/cqDgiP+JuaZW9eVIi9E=
3,1,2,Goblin,Goblins,dies,0,64,0,0,0,0,0,17,0,17,98,99,20,20,20,20,20,20,20,20,20,15,0,18,0,0,0,0,0,0,0,0,0,0,2,1,1,0,0,0,0,80,0,0,0,0,1,267,365,0,0,0,0,50,50,0,0,0,0,0,0,0,0,0,0,0,0,0,0,0,0,5,NGgJeVSHOv3TwaOznfJ+Zm1ev09RNHQT2r802rBHz8w=
4,1,4,Troll,Trolls,dies,0,64,0,0,0,0,0,15,0,15,109,110,28,20,40,20,20,20,20,34,34,15,0,17,0,0,0,0,0,0,0,0,0,0,2,1,1,0,0,0,0,80,0,0,0,0,1,366,367,368,0,0,0,33,33,33,0,0,0,0,0,0,0,0,0,0,0,0,0,0,0,5,gt9/ng5Ae00ekunM2F4ZeOc2E/xUb3jvU4tsf1AvxAQ=
5,9,1,Lich,,dies for@for the last time,0,0,0,0,0,0,0,45,0,45,111,112,20,20,16,70,70,38,30,34,34,0,0,0,0,0,0,0,0,0,0,0,0,0,0,0,0,0,0,0,9,0,0,0,3,0,1,335,0,0,0,0,0,100,0,0,0,0,0,0,0,0,0,0,0,0,0,0,0,0,0,8,j30T8ZKuMVP0A59o27kQoh7MQADwbb1kY6sAZlDzY4k=
6,9,1,Undead Knight,,fades away exclaiming I'm free! Art thou The One?,0,128,0,0,0,0,0,65,0,65,113,114,50,50,50,50,50,75,50,51,51,17,17,17,17,51,17,17,17,34,0,0,0,0,0,0,0,0,0,0,0,0,0,0,0,0,0,327,0,0,0,0,0,100,0,0,0,0,0,0,0,0,0,0,0,0,0,0,0,0,0,4,MSUTHIjr4Nds9sdM7cfmPemIlcVokfhjtgiPvztzYXY=
7,1,2,Guard,Guards,dies,0,129,0,0,0,0,0,46,0,46,115,116,20,20,40,20,20,38,20,51,51,0,0,35,0,0,0,0,0,34,0,0,0,0,0,0,0,0,0,3,0,0,33,0,0,0,1,371,372,373,250,0,0,25,25,25,25,0,0,0,0,0,0,0,0,0,0,0,0,0,0,0,hWYb3GtCQodTVkJw4jXfEjVXqwtFHuhrwGSJ82zhLNg=
8,1,2,F.B.I. Agent,F.B.I. Agents,shall return,0,128,0,0,0,0,0,600,0,0,115,116,90,90,90,90,90,90,90,240,240,240,240,240,240,240,240,240,240,240,0,0,0,0,0,0,0,0,0,0,0,0,0,0,0,0,0,374,0,0,0,0,0,100,0,0,0,0,0,0,0,0,0,0,0,0,0,0,0,0,0,0,UJTlsvuvvPoCpXMEhuhIdPOpYjd/Z/QhPGuUnMXjLpw=
9,1,1,Dark Knight,,falls,0,64,0,0,0,0,0,37,0,37,113,114,20,20,20,20,20,20,30,36,36,18,18,50,18,18,18,18,18,18,0,0,0,0,0,0,0,0,0,3,9,0,0,70,1,1,1,318,376,377,0,0,0,33,33,33,0,0,0,0,0,0,0,0,0,0,0,0,0,0,0,8,o/y6dqWzNZiY7Rk7rc3yVvT1XmIO6GNbaL4Uj5J7wCo=
10,1,1,Champion,,has fought his last battle,0,144,0,0,0,0,0,68,0,68,117,122,30,20,45,20,20,50,40,52,52,34,34,34,34,34,34,34,34,34,0,0,0,0,0,0,0,0,0,3,6,0,40,0,9,4,1,250,0,0,0,0,0,100,0,0,0,0,0,0,0,0,0,0,0,0,0,0,0,0,0,8,YBywP2Q5Ae16CcAiHucRiF1h1MDE7Cd9pazD3gC1eFU=
11,1,1,Healer,,curses you@with his last breath,0,128,0,0,0,0,0,20,0,20,3,4,20,20,20,20,20,20,20,0,0,0,0,0,0,0,0,0,0,0,0,0,0,0,1,1,0,0,1,1,0,88,88,88,0,0,1,56,0,0,0,0,0,100,0,0,0,0,0,0,0,0,0,0,0,0,0,0,0,0,0,0,Syvxhg5ph9ORvfVtHIl+4t6uEp7UQ2gzjeB+wgNSJ8A=
12,1,1,Knight,,is undone,0,255,0,0,0,0,0,28,0,28,117,122,20,20,40,20,20,40,40,51,51,17,17,35,17,17,17,17,17,34,0,0,0,0,0,1,0,0,0,3,5,0,59,11,2,1,1,379,380,0,0,0,0,50,50,0,0,0,0,0,0,0,0,0,0,0,0,0,0,0,0,0,4980faljjyE4/ded4NvRF29uum8iwo35Bodurq9M6Rs=
13,1,1,Pauper,,gasps:@"What you sow you shall reap!",0,128,0,0,0,0,0,10,0,10,5,6,20,20,40,20,20,40,28,17,17,17,17,17,17,17,17,17,17,17,0,0,0,0,0,0,0,0,0,0,0,1,0,0,0,0,1,381,382,0,0,0,0,50,50,0,0,0,0,0,0,0,0,0,0,0,0,0,0,0,0,0,4vP6QFuTlSZqTM1d8egPQR6zyJXap7e3FOixDsJXicA=
14,1,1,Nobleman,,dies with@a sneer on his face,0,128,0,0,0,0,0,18,0,18,7,7,20,20,29,20,20,30,30,20,20,0,0,19,0,0,0,0,0,0,0,0,0,0,0,0,0,0,0,1,0,0,80,40,3,1,1,383,384,0,0,0,0,50,50,0,0,0,0,0,0,0,0,0,0,0,0,0,0,0,0,0,lqT/7JkKBESS6NVDhPuTzY7fOCHAIrEax6QiVl187/s=
15,64,1,Alien Sentry,,dissolves in a@thick green puddle,0,128,0,0,0,0,0,49,0,49,8,9,20,20,20,20,20,60,60,68,68,255,255,35,35,19,56,255,255,56,0,0,0,0,0,0,0,0,0,0,0,0,0,0,0,0,1,385,0,0,0,0,0,100,0,0,0,0,0,0,0,0,0,0,0,0,0,0,0,0,0,4,BKFMVeXKZwVxGPbyiHv6deuqv2fTngHfIWYljpe7k8U=
16,64,2,Robot,Bots,sputters around a bit@and then explodes,0,128,0,0,0,0,0,30,0,30,10,14,20,20,20,20,0,38,24,34,34,255,255,34,51,0,255,255,255,19,0,0,0,0,0,0,0,0,0,0,0,0,0,0,0,0,1,468,469,470,0,0,0,33,33,33,0,0,0,0,0,0,0,0,0,0,0,0,0,0,0,1,km6Kzp3Ac1i3Zq4yHUWyKl7Q/KnbbSE1JWxms9vWHAU=
17,1,3,Novice,Novices,swears vengeance,0,128,0,0,0,0,0,8,0,8,15,15,15,15,15,15,15,15,15,17,17,0,0,17,0,0,0,0,0,0,0,0,0,0,0,1,1,0,1,0,0,43,0,0,0,0,1,259,0,0,0,0,0,100,0,0,0,0,0,0,0,0,0,0,0,0,0,0,0,0,0,2,XELMKg92xuy/tMTua+MeZ2dDpPk7YzW2Qwk8uLKDUL8=
18,1,2,Apprentice,Apprentices,dies,0,128,0,0,0,0,0,12,0,12,15,15,15,15,15,15,15,15,15,17,17,0,0,18,0,0,0,0,0,0,0,0,0,0,1,1,0,0,0,3,7,11,0,0,0,0,1,255,245,0,0,0,0,50,50,0,0,0,0,0,0,0,0,0,0,0,0,0,0,0,0,0,m7XeKMx7u7QrrrTQPley2kXN8osS7TwdLA+Hr8KQgBo=
19,1,1,Mage,,expires,0,128,0,0,0,0,0,37,0,37,3,4,25,25,25,55,55,35,25,20,20,18,18,18,18,18,18,18,18,18,0,0,0,0,0,0,0,0,0,3,7,0,0,0,1,0,1,255,256,259,260,261,0,30,20,20,20,10,0,0,0,0,0,0,0,0,0,0,0,0,0,8,6FBmQtUePlpPQri3/kAqljsj8whVDqDvtVreFQ2be5Y=
20,1,1,Wizard,,dies,0,128,0,0,0,0,0,67,0,67,16,18,20,20,20,60,60,50,40,35,35,34,34,34,34,34,34,34,34,34,0,0,0,0,0,0,0,0,0,17,33,0,19,11,4,6,1,386,387,388,0,0,0,33,33,33,0,0,0,0,0,0,0,0,0,0,0,0,0,0,0,8,4yGXBsx+uwFkXGUUlcxBNoHXAV76T+QjE0F+T34ZQdw=
21,1,4,Acolyte,Acolytes,goes to@his final reward,0,128,0,0,0,0,0,9,0,9,15,15,20,20,20,30,30,30,30,17,17,0,0,0,0,0,0,0,0,0,0,0,0,0,7,6,4,0,1,0,0,0,0,0,0,0,1,56,245,305,0,0,0,33,33,33,0,0,0,0,0,0,0,0,0,0,0,0,0,0,0,0,I5liiiLpE92xzbA77l2q2BTmhRWU7Fegc/48w4sEFTo=
22,1,1,Sage,,expires,0,128,0,0,0,0,0,30,0,30,3,4,20,20,20,200,200,70,50,34,34,0,0,34,0,0,0,0,0,0,0,0,0,0,0,0,0,0,1,1,3,0,20,4,2,2,1,392,0,0,0,0,0,100,0,0,0,0,0,0,0,0,0,0,0,0,0,0,0,0,0,8,HHF2wOHnuL1OrEn10TgcUGn14V+XSXrzar8eBb4WgkM=
23,1,3,Orc,Orcs,dies,0,64,0,0,0,0,0,23,0,23,19,19,50,1,40,1,8,20,20,35,35,15,0,19,0,0,0,0,0,0,0,0,0,0,3,3,3,0,0,0,0,0,0,0,0,0,1,367,368,369,0,0,0,33,33,33,0,0,0,0,0,0,0,0,0,0,0,0,0,0,0,4,JXXeiwxydaYAs1QZjSgfjcshWuwDGblblkn6B+40o0s=
24,1,5,Gnome,Gnomes,poofs,0,128,0,0,0,0,0,10,0,10,98,99,20,10,15,60,20,25,33,20,20,15,17,17,17,17,17,17,17,17,0,0,0,0,5,5,2,1,1,0,0,0,0,17,2,0,1,243,347,0,0,0,0,50,50,0,0,0,0,1,0,0,0,0,0,0,0,0,0,0,0,3,312awygdQLDJzYoFkyVZ+A08NtZqGC/ONyl/9c1ijNw=
25,1,7,Dwarf,Dwarves,disappears in a@puff of greasy black smoke,0,128,0,0,0,0,0,12,0,12,20,22,20,20,20,20,20,20,20,35,35,15,18,18,18,18,18,18,18,18,0,0,0,0,0,0,0,1,0,0,0,0,0,0,16,5,1,269,0,0,0,0,0,100,0,0,0,0,0,0,0,0,0,0,0,0,0,0,0,0,0,8,/C7Ur7pq/Q3EmyxasSyjlhuOTUIPLN/6pTaWDVpKxvU=
26,2,1,Slime,,splatters@into nothingness,0,128,0,0,0,0,0,7,0,7,23,26,20,20,20,0,0,20,20,0,255,0,0,0,0,0,0,0,0,0,0,0,0,0,0,0,0,0,0,1,3,0,0,0,0,0,0,277,278,279,0,0,0,50,50,0,0,0,0,0,0,0,0,0,0,0,0,0,0,0,0,0,y0XzzsnEcIhD/4QZ27+ZLy2ulQ+rB/IWm4mulGm9SNM=
27,2,1,Mold,,explodes into@fine powder,0,128,0,0,0,0,0,8,0,8,23,26,20,20,20,0,0,20,20,0,255,0,0,15,0,0,17,0,0,34,0,0,0,0,0,0,0,0,0,0,0,0,0,0,1,0,0,466,467,0,0,0,0,50,50,0,0,0,0,0,0,0,0,0,0,0,0,0,0,0,0,0,U91sSMZYAapogQh6hVO60Ukv4YoHLgqEOlro6mW7SEw=
28,32,7,Homunculus,Homunculii,goes up@in a cloud of smoke,0,0,0,0,0,0,0,7,0,7,29,36,10,0,15,60,60,50,40,17,17,17,17,17,17,17,17,17,17,17,0,0,0,0,0,0,0,0,0,0,5,0,0,0,3,1,0,322,0,0,0,0,0,100,0,0,0,0,0,0,0,0,0,0,0,0,0,0,0,0,0,0,yVfK5kWMPvYLTALx4S4wEMo01lUjtbgnpBVmbzemUz4=
29,2,1,Phoenix,,is consumed@in a fiery orange ball,0,255,0,0,0,0,0,39,0,39,37,44,30,10,30,20,21,30,40,255,255,0,0,240,15,0,0,0,0,15,0,0,0,0,0,0,0,0,0,0,25,0,0,0,30,10,0,352,353,0,0,0,0,50,50,0,0,0,0,0,0,0,0,0,0,0,0,0,0,0,0,2,OHRdUUVN9SL/xUz1tIVIUVXdtvmgSLIaUCC6GPb8FTM=
30,1,1,Sorceress,,dies,0,128,0,0,0,0,0,41,0,41,45,46,20,20,20,50,50,50,50,19,19,19,19,19,19,19,19,19,19,19,0,0,0,0,0,0,0,0,0,0,15,0,45,0,5,0,1,393,464,394,0,0,0,33,33,33,0,0,0,0,0,0,0,0,0,0,0,0,0,0,0,8,4ilYLdDi4iMBh4XxMCD2uTfa+Y834KW6+OlCY7EyQuc=
31,16,1,Whirlwind,,subsides,0,128,0,0,0,0,0,17,0,17,47,51,20,0,50,1,1,23,44,22,255,0,15,255,0,0,0,0,0,0,0,0,0,0,7,5,4,6,3,4,1,35,35,35,1,1,0,345,346,347,0,0,0,33,33,33,0,0,0,0,0,0,0,0,0,0,0,0,0,0,0,4,H7desAIYplbAE9Pv1FMS5quAQ8cn6MY51SXEe3yNTJc=
32,0,6,Giant Rat,Giant Rats,lays lifeless@on the ground,0,128,0,0,0,0,0,6,0,6,52,53,20,0,20,0,0,10,25,0,0,0,0,0,0,0,0,0,0,0,0,0,0,0,0,0,0,0,0,0,0,0,0,1,1,0,1,272,273,0,0,0,0,50,50,0,0,0,0,0,0,0,0,0,0,0,0,0,0,0,0,0,jc6ij3njFLxmmIBGBeWSg3BhGG9h8MKEY7gZfO3nMTk=
33,2,1,Small Dragon,,is slain,0,128,0,0,0,0,0,68,0,68,54,57,60,20,60,70,70,45,40,68,68,34,34,255,34,34,34,34,34,34,0,0,0,0,0,0,0,0,0,0,0,200,200,200,30,10,1,271,281,282,0,0,0,33,33,33,0,0,0,0,0,0,0,0,0,0,0,0,0,0,0,8,NQRv+c5XoldIJcNMgBvDaxyUjeZMA+5wANyW1lvg6EY=
34,8,8,Skeleton,Skeletons,crumbles into a@heap of shattered bones,0,0,0,0,0,0,0,6,0,6,58,60,20,0,20,0,0,20,20,0,0,17,0,17,0,0,255,0,0,255,0,0,0,0,0,0,0,0,0,0,0,23,0,0,0,0,0,285,310,0,0,0,0,50,50,0,0,0,0,0,0,0,0,0,0,0,0,0,0,0,0,8,G3oS4uIvqSPP8NRUC2Y2m+dzuOb8p6wqk3skNIk0p38=
35,8,5,Zombie,Zombies,is no longer animate,0,0,0,0,0,0,0,10,0,10,111,112,20,0,20,0,0,20,10,0,0,0,0,15,0,0,0,0,0,0,0,0,0,0,0,0,0,0,0,0,0,22,0,0,0,0,0,286,287,0,0,0,0,50,50,0,0,0,0,0,0,0,0,0,0,0,0,0,0,0,0,2,JwIF0bwxiub3sg/fBpSrCy0JbcK5tUpC/KWL/GdtUN8=
36,8,7,Ghoul,Ghouls,has robbed his@last crypt,0,0,0,0,0,0,0,9,0,9,111,112,20,0,80,0,0,20,20,0,0,0,0,15,0,0,0,0,0,0,0,0,0,0,0,0,0,0,0,0,0,88,0,0,0,0,0,289,290,0,0,0,0,50,50,0,0,0,0,0,0,0,0,0,0,0,0,0,0,0,0,3,ySOtdOBAkLkplZrcdOsTQHkXcPAGMA1iZFzKce8M4g0=
37,8,1,Ghost,,dissipates@into thin air,0,0,0,0,0,0,0,12,0,12,61,65,20,20,20,20,20,20,20,255,255,15,15,35,15,15,255,15,15,15,0,0,0,0,0,0,0,0,0,0,0,0,0,80,0,0,0,296,297,298,0,0,0,33,33,33,0,0,0,0,0,0,0,0,0,0,0,0,0,0,0,4,5rb5LX0KCwQYyJuPFuzKwvM9iLMIKf7R+TBsy0ilFaA=
38,8,1,Spectre,,fades away,0,0,0,0,0,0,0,20,0,20,61,65,20,20,20,20,20,20,20,255,255,15,15,35,15,15,255,15,15,15,0,0,0,0,0,0,0,0,0,0,0,0,0,0,0,0,0,293,294,0,0,0,0,50,50,0,0,0,0,0,0,0,0,0,0,0,0,0,0,0,0,4,+tJbjkh9YZSo+sUdR+Hbwoo3/5yjlyRR/zn2tuegalc=
39,8,3,Wraith,Wraiths,dissolves in@a thick vile cloud of gas,0,0,0,0,0,0,0,39,0,39,61,65,30,20,40,40,40,40,40,35,35,17,17,0,17,0,0,15,0,17,0,0,0,0,0,0,0,0,0,0,0,0,0,0,9,3,0,291,292,295,338,0,0,25,25,25,25,0,0,0,0,0,0,0,0,0,0,0,0,0,0,5,FEYUCw9QnteckbBnTyhk24LUBzNp/z7OzXyB32h1HwU=
40,8,1,Vampire,,crumbles to dust,0,0,0,0,0,0,0,50,0,50,66,69,99,99,99,99,99,99,99,24,24,24,24,0,15,0,0,15,20,255,0,0,0,0,0,0,0,1,0,9,19,0,0,55,7,7,1,464,341,0,0,0,0,50,50,0,0,0,0,0,0,0,0,0,0,0,0,0,0,0,0,4,InH06swQV9FQtGEbkWTDDePxX2PY776YWXZi8VvQC14=
41,4,8,Great Bat,Great Bats,has flapped@for the last time,0,128,0,0,0,0,0,7,0,7,29,36,20,20,20,0,0,10,20,0,0,0,0,0,0,0,0,0,0,0,0,0,0,0,0,0,0,0,0,0,1,1,1,1,1,0,1,411,412,0,0,0,0,50,50,0,0,0,0,0,0,0,0,0,0,0,0,0,0,0,0,0,eW36/L7eebFyiuVDqRMHGvBtgmr4f5AYdiiNCtaYXSo=
42,2,3,Hellhound,Hellhounds,is consumed in a@sulphurous cloud of smoke,0,0,0,0,0,0,0,30,0,30,70,71,20,20,20,20,20,50,40,17,17,0,0,255,0,0,0,0,0,0,0,0,0,0,0,0,0,0,0,7,3,0,0,0,1,0,1,280,281,282,0,0,0,33,33,33,0,0,0,0,0,0,0,0,0,0,0,0,0,0,0,3,XHMnCLH9LpWjft2nGYB9GN93i2WxomW9FOiLXfnpiAo=
43,2,5,Harpy,Harpies,falls to the@ground in a crumpled heap,0,0,0,0,0,0,0,27,0,27,74,75,20,3,20,8,20,70,20,19,19,0,0,0,0,0,0,0,0,0,0,0,0,0,1,1,0,0,0,0,0,99,30,12,0,0,1,322,285,0,0,0,0,50,50,0,0,0,0,0,0,0,0,0,0,0,0,0,0,0,0,2,c9lsECQZ/T87/gu7Sj4/Pzvtu3liGuh7tn0STkRn3s8=
44,2,1,Gremlin,,melts into a puddle@of bubbling goo,0,0,0,0,0,0,0,14,0,14,76,77,20,20,20,20,20,20,20,18,18,0,0,255,15,0,0,0,0,20,0,0,0,0,1,1,0,0,0,0,2,0,0,0,0,0,1,418,419,0,0,0,0,50,50,0,0,0,0,0,0,0,0,0,0,0,0,0,0,0,0,4,j9p6gAlTrdNNFJNSHRQ0nQSLUaDtmQtgEQRbmeTGgqc=
45,2,1,Imp,,leaves this mortal plane,0,0,0,0,0,0,0,14,0,14,76,77,20,20,20,20,20,20,20,19,19,0,0,255,0,0,0,0,0,18,0,0,0,0,0,0,0,0,0,0,0,0,0,55,0,0,1,420,421,0,0,0,0,50,50,0,0,0,0,0,0,0,0,0,0,0,0,0,0,0,0,4,h+0UKemSNRpcKPpNJfOF/qRitrCKovd953/tLSSzJX4=
46,17,4,Flame Demon,Flame Demons,is consumed@in its own blaze,0,0,0,0,0,0,0,46,0,46,78,83,23,23,30,20,20,20,35,51,51,51,51,240,15,51,51,51,51,15,0,0,0,0,0,0,0,0,0,0,0,0,255,255,0,0,0,342,343,0,0,0,0,50,50,0,0,0,0,1,0,0,0,0,0,0,0,0,0,0,0,8,Ehlyu4F9BdeQroc/rjSJsDeyi3T2sKNm5m6HU/8SRz0=
47,16,1,Storm Devil,,goes out with a flash,0,0,0,0,0,0,0,31,0,31,47,51,20,20,20,20,20,20,20,24,24,17,17,255,17,17,17,17,17,17,0,0,0,0,0,0,0,0,0,0,1,1,1,1,1,1,0,424,425,0,0,0,0,50,50,0,0,0,0,0,0,0,0,0,0,0,0,0,0,0,0,2,ItKUo1fbNrWq5sKDU2j4L7WinBcqgTOyGB2zDLnoMEA=
48,4,3,Giant Wolf,Giant Wolves,dies,0,128,0,0,0,0,0,15,0,15,70,71,20,20,20,20,20,30,40,0,0,0,0,0,0,0,0,0,0,0,0,0,0,0,0,0,0,0,0,2,0,0,12,0,0,0,1,274,275,0,0,0,0,50,50,0,0,0,0,0,0,0,0,0,0,0,0,0,0,0,0,1,UUITCKQc1w52XHMkKoGptvpm9BgPpYgm7uCBJfE+z2w=
49,2,1,Werewolf,,appears human for an@instant and then expires,0,0,0,0,0,0,0,33,0,33,70,71,50,20,60,20,20,30,40,17,17,0,0,0,0,0,0,0,0,0,0,0,0,0,3,3,0,0,0,0,0,99,0,99,0,0,1,427,428,0,0,0,0,50,50,0,0,0,0,0,0,0,0,0,0,0,0,0,0,0,0,3,uYQcUbWDK5nFDqci8TjfnaxpZSue78EOHQlYoJXSZhg=
50,1,1,Warrior,,has fallen,0,128,0,0,0,0,0,13,0,13,106,107,20,20,47,20,20,29,20,35,35,0,0,19,0,0,0,0,0,0,0,0,0,0,4,5,2,0,0,0,0,20,10,5,0,0,1,429,430,431,0,0,0,33,33,33,0,0,0,0,0,0,0,0,0,0,0,0,0,0,0,8,5teAFiO6I1lMfgNAI0/GzzZ4rjNzFt6t8/DW/xUtB/w=
51,1,1,Weapon Master,,dies,0,255,0,0,0,0,0,43,0,43,84,85,80,20,30,20,20,80,45,35,35,34,34,51,34,34,34,34,34,34,0,0,0,0,0,1,0,0,0,3,0,0,20,20,0,0,0,432,433,431,0,0,0,33,33,33,0,0,0,0,0,0,0,0,0,0,0,0,0,0,0,8,Yg2/62zoi+W+1zPJCeYRase0jDdsijmhVS5BqU2z+D4=
52,33,1,Valkyrie,,slowly fades away,0,255,0,0,0,0,0,50,0,50,86,87,20,20,60,20,20,30,70,36,36,0,0,255,0,0,0,255,255,0,0,0,0,0,0,0,0,0,0,0,0,0,0,255,0,0,1,93,336,0,0,0,0,50,50,0,0,0,0,0,0,0,0,0,0,0,0,0,0,0,0,8,dcO9pHo5hdcyyPJ+xxI/rNZoEGhovcTqcCi9DjPoGHA=
53,1,1,Gladiator,,lies in@agony of defeat,0,0,0,0,0,0,0,9,0,9,106,107,20,20,20,20,20,30,20,19,19,0,0,19,0,0,0,0,0,0,0,0,0,0,2,2,1,0,0,0,0,0,0,13,0,0,1,93,72,0,0,0,0,50,50,0,0,0,0,0,0,0,0,0,0,0,0,0,0,0,0,8,BtjMPfi/MXpZ0SjtdBo4Pv4curP9q4bXrNI5w0ho1ao=
54,1,4,Mercenary,Mercenaries,dies,0,0,0,0,0,0,0,9,0,9,113,114,20,20,20,20,20,20,20,34,34,0,0,20,0,0,0,0,0,0,0,0,0,0,3,3,4,1,1,4,0,99,66,0,0,0,1,437,0,0,0,0,0,100,0,0,0,0,0,0,0,0,0,0,0,0,0,0,0,0,0,8,0ShBPXO1DfBnfmzy0ZAWDiIpQeyi8yME2q2wJpD8noQ=
55,1,1,Doppleganger,,merges back@into the wall,0,0,0,0,0,0,0,0,0,0,108,108,0,0,0,0,0,0,0,34,34,34,34,34,34,34,34,34,34,34,0,0,0,0,0,0,0,0,0,0,0,0,0,0,0,0,0,0,0,0,0,0,0,100,0,0,0,0,0,0,0,0,0,0,0,0,0,0,0,0,0,0,NQVSdk77mb4bWpLxwJCmD6x2ZVJrbGM0SL7Oy7yLRao=
56,1,1,Adventurer,,is no longer joined,0,128,0,0,0,0,0,23,0,23,89,91,15,15,15,66,44,45,35,35,35,19,19,51,19,19,19,19,19,51,0,0,0,0,8,7,9,1,1,1,0,23,47,0,0,0,1,439,440,0,0,0,0,50,50,0,0,0,0,0,0,0,0,0,0,0,0,0,0,0,0,0,kk9k9O8gkhnxe6Yx7c2u6SN/tJhgTOZLuRj8m13/TNE=
57,2,1,Water Sprite,,dies,0,128,0,0,0,0,0,4,0,4,92,93,20,20,20,20,20,200,20,34,34,0,0,0,255,0,0,0,0,0,0,0,0,0,0,3,0,0,0,0,0,0,0,5,0,0,1,436,0,0,0,0,0,100,0,0,0,0,0,0,0,0,0,0,0,0,0,0,0,0,0,4,NcGW7wR+RQG40Tq+v5gZ6EBNH8TEuQwF1DjKZvwf8sk=
58,10,1,Night Stalker,,dissipates@in a puff of smoke,0,0,0,0,0,0,0,37,0,37,94,95,20,20,20,20,20,20,199,18,18,0,0,0,0,0,255,0,0,0,0,0,0,0,0,0,0,0,0,0,0,0,0,200,0,7,1,442,443,0,0,0,0,50,50,0,0,0,0,0,0,0,0,0,0,0,0,0,0,0,0,4,DQWjvkKF76U4Oth+y8UKOQvasBX6Uwt/abff/n05Gzw=
59,4,1,Salamander,,dies,0,128,0,0,0,0,0,23,0,23,54,57,40,40,40,0,0,40,40,34,34,0,0,255,0,0,0,0,0,0,0,0,0,0,0,0,0,0,0,0,0,200,99,50,5,5,1,444,445,446,0,0,0,33,33,33,0,0,0,0,0,0,0,0,0,0,0,0,0,0,0,4,U8qpBqKDDnN1rPOAosYpzte8W5lT8HP6ZBu9AcgSd3Y=
60,1,3,Ronin,,dies,0,128,0,0,0,0,0,38,0,38,84,85,20,20,29,20,20,80,40,35,35,0,0,66,0,0,0,0,0,0,0,0,0,0,3,3,3,0,0,0,0,22,0,50,0,0,1,447,448,449,0,0,0,33,33,33,0,0,0,0,0,0,0,0,0,0,0,0,0,0,0,6,TBzNDCFlbuxMoR8TGZwk7IGLGJ/9hl+BterfzyBTO8o=
61,3,3,Serpentman,Serpentmen,lets out one@final hiss,0,0,0,0,0,0,0,11,0,11,96,97,20,20,20,20,20,20,20,18,18,0,0,0,0,0,0,0,0,0,0,0,0,0,2,0,0,0,0,0,0,0,10,40,0,0,1,450,268,0,0,0,0,50,50,0,0,0,0,0,0,0,0,0,0,0,0,0,0,0,0,8,Z//vsX2cJNTjvStOarjz9h6FGIca4ahnhOCo/elg7VY=
62,4,1,Big Snake,,lays motionless,0,128,0,0,0,0,0,28,0,28,100,103,20,20,20,20,20,40,60,19,19,0,0,17,0,0,0,0,0,19,0,0,0,0,0,0,0,0,0,0,0,99,66,33,0,0,1,427,0,0,0,0,0,100,0,0,0,0,0,0,0,0,0,0,0,0,0,0,0,0,0,8,aCFd5/iYk4N1MaBuZMG0X3y+l/oPjpIKlVKEXjdSEcw=
63,4,1,Great Naga,,has vanished,0,128,0,0,0,0,0,55,0,55,100,103,20,20,20,80,80,40,60,35,35,17,17,17,17,17,17,17,17,17,0,0,0,0,0,0,0,0,0,0,4,99,66,33,5,1,1,337,0,0,0,0,0,100,0,0,0,0,0,0,0,0,0,0,0,0,0,0,0,0,0,4,M1SQvkMI7ojm49AP2BGtqpt8fC0YUAaTjZizrNYPHfQ=
64,1,8,Berserker,Berserkers,gives one@final battle cry,0,0,0,0,0,0,0,17,0,17,106,107,20,20,20,20,20,20,20,18,18,0,0,18,0,0,0,0,0,0,0,0,0,0,0,0,0,0,0,0,0,0,0,0,0,0,1,453,454,0,0,0,0,50,50,0,0,0,0,0,0,0,0,0,0,0,0,0,0,0,0,4,PVt4gGY8rRstO3wUWyKS+ts6bSb3nCpC4SrlLmrETAI=
65,2,1,Basilisk,,has died,0,0,0,0,0,0,0,63,0,63,54,57,20,20,70,20,20,20,70,0,255,0,0,65,0,0,0,0,0,0,0,0,0,0,0,0,0,0,0,0,0,0,255,200,9,5,1,328,329,400,0,0,0,33,33,33,0,0,0,0,0,0,0,0,0,0,0,0,0,0,0,1,Bt0IenrWEoLGyq+MKtHZGPEJY8cZ96In1NSwuR9Fonk=
66,2,1,Great Wyrm,,dies totally@shocked and appalled,0,128,0,0,0,0,0,207,0,207,54,57,252,252,252,252,252,252,252,52,52,24,24,255,24,24,24,24,24,24,0,0,0,0,0,0,0,0,0,255,255,255,255,255,255,255,0,282,280,400,0,0,0,33,33,33,0,0,0,0,0,0,0,0,0,0,0,0,0,0,0,0,YBOPnZc21QxJ8WgawaWL/GNmLlTW83JQ2CfHEEmyg0Y=
67,1,1,Goblin Lord,,dies snarling:@"Guards kill him!",0,0,0,0,0,0,0,73,0,73,98,99,20,20,50,20,20,70,50,51,51,51,51,51,51,51,51,51,51,51,0,0,0,0,0,0,0,0,0,0,0,0,0,0,0,0,0,267,0,0,0,0,0,100,0,0,0,0,0,0,0,0,0,0,0,0,0,0,0,0,0,4,KlZeVdawTXJKWXEWzI9E+hotBPZzzZLl3x+lUXyiEEU=
68,1,1,Troll Tyrant,,has given his@last order,0,0,0,0,0,0,0,80,0,80,109,110,20,20,50,20,20,50,50,51,51,34,34,34,34,34,34,34,34,34,0,0,0,0,0,0,0,0,0,0,0,0,0,0,0,0,0,420,0,0,0,0,0,100,0,0,0,0,0,0,0,0,0,0,0,0,0,0,0,0,0,4,AuA7sWtWkOmk7+IFfwGyj0YKDDEMJhLl6JNSib0/F4o=
69,25,3,Ice Demon,Ice Demons,shatters,0,0,0,0,0,0,0,35,0,35,104,105,20,20,30,20,20,40,50,51,51,34,34,51,34,34,34,34,34,255,0,0,0,0,0,0,0,0,0,0,2,0,0,0,2,2,0,463,0,0,0,0,0,100,0,0,0,0,0,1,0,0,0,0,0,0,0,0,0,0,0,7,XI8basulqo19Zres+hepLOcKKVXvQSu4B2P/K+fvFXo=
70,9,1,Horned Devil,,is consumed in a@huge red cloud of smoke,0,0,0,0,0,0,0,69,0,69,104,105,20,20,50,80,80,80,40,51,51,255,255,255,255,17,255,0,255,255,0,0,0,0,0,0,0,0,0,0,0,0,0,0,0,0,1,340,0,0,0,0,0,100,0,0,0,0,0,0,0,0,0,0,0,0,0,0,0,0,0,8,LRIxnGwg4GmPFDkEfZrYK/0KnW1nwMLk8naa0meZPtM=
71,1,1,Mugger,Novices,swears vengeance,0,128,0,0,0,0,0,8,0,8,15,15,15,15,15,15,15,15,15,17,17,0,0,17,0,0,0,0,0,0,0,0,0,0,0,1,1,0,1,0,0,43,0,0,0,0,1,244,0,0,0,0,0,100,0,0,0,0,0,0,0,0,0,0,0,0,0,0,0,0,0,3,2uWUHayk2I/Sj6rvmG9G0uJ85UuKbaJ+iJJR6wx1prE=
72,1,1,Robber,Novices,swears vengeance,0,128,0,0,0,0,0,8,0,8,15,15,15,15,15,15,15,15,15,17,17,0,0,17,0,0,0,0,0,0,0,0,0,0,0,1,1,0,1,0,0,43,0,0,0,0,1,56,0,0,0,0,0,100,0,0,0,0,0,0,0,0,0,0,0,0,0,0,0,0,0,4,Sz7vi7sDjWxIa81+VdFDl0HfKUNacgk+fRn2w11czc0=
73,1,1,Fighter,,has fought his last battle,0,144,0,0,0,0,0,68,0,68,117,122,30,20,45,20,20,50,40,52,52,34,34,34,34,34,34,34,34,34,0,0,0,0,0,0,0,0,0,3,6,0,40,0,9,4,1,402,0,0,0,0,0,100,0,0,0,0,0,0,0,0,0,0,0,0,0,0,0,0,0,5,v5YlyouEwACAMPDoyTh3NZI0n8FhKLqFW7gPLpURRx8=
74,1,1,Swordsman,,has fought his last battle,0,144,0,0,0,0,0,68,0,68,117,122,30,20,45,20,20,50,40,52,52,34,34,34,34,34,34,34,34,34,0,0,0,0,0,0,0,0,0,3,6,0,40,0,9,4,1,402,0,0,0,0,0,100,0,0,0,0,0,0,0,0,0,0,0,0,0,0,0,0,0,7,m87SZb8SzijU3O2BDeUf4Ajmv/Utr+FU0VzUN1KkoHE=
75,1,1,Courier,Novices,swears vengeance,0,128,0,0,0,0,0,8,0,8,15,15,15,15,15,15,15,15,15,17,17,0,0,17,0,0,0,0,0,0,0,0,0,0,0,1,1,0,1,0,0,43,0,0,0,0,1,184,0,0,0,0,0,50,50,0,0,0,0,0,0,0,0,0,0,0,0,0,0,0,0,1,pMD5siySDsxXw4iDdnAQmSYjEOq4FRzUjFUSDglyzmU=
76,1,1,Commoner,Novices,swears vengeance,0,128,0,0,0,0,0,8,0,8,15,15,15,15,15,15,15,15,15,17,17,0,0,17,0,0,0,0,0,0,0,0,0,0,0,1,1,0,1,0,0,43,0,0,0,0,1,56,0,0,0,0,0,50,50,0,0,0,0,0,0,0,0,0,0,0,0,0,0,0,0,1,GmFHWYOaJCZghbdddRwNP4m2MFTU0M669RxEsErSerA=
77,1,1,Merchant,Novices,swears vengeance,0,128,0,0,0,0,0,8,0,8,15,15,15,15,15,15,15,15,15,17,17,0,0,17,0,0,0,0,0,0,0,0,0,0,0,1,1,0,1,0,0,43,0,0,0,0,1,253,0,0,0,0,0,100,0,0,0,0,0,0,0,0,0,0,0,0,0,0,0,0,0,2,wUbGYn7MTMSQDupVvM+sAvXQ+xcFxoKS2QD/4t1bBUc=
78,1,1,Arch Mage,,dies,0,128,0,0,0,0,0,67,0,67,16,18,20,20,20,60,60,50,40,35,35,34,34,34,34,34,34,34,34,34,0,0,0,0,0,0,0,0,0,17,33,0,19,11,4,6,1,386,387,388,0,0,0,50,0,50,0,0,0,0,0,0,0,0,0,0,0,0,0,0,0,8,V+LZoqZxx/ob+rowuFFqpLW2h3dFEO/lEmU+oioRctU=
79,1,1,Gnoll,Trolls,dies,0,64,0,0,0,0,0,15,0,15,109,110,28,20,40,20,20,20,20,34,34,15,0,17,0,0,0,0,0,0,0,0,0,0,2,1,1,0,0,0,0,80,0,0,0,0,1,266,0,0,0,0,0,100,0,0,0,0,0,0,0,0,0,0,0,0,0,0,0,0,0,3,y8jTBDct67qs5WymptbJ884lFZL0TWQ6j8egvuhcn1s=
80,1,1,Hobbit,Goblins,dies,0,64,0,0,0,0,0,17,0,17,98,99,20,20,20,20,20,20,20,20,20,15,0,18,0,0,0,0,0,0,0,0,0,0,2,1,1,0,0,0,0,80,0,0,0,0,1,267,365,0,0,0,0,50,50,0,0,0,0,0,0,0,0,0,0,0,0,0,0,0,0,3,FbrXZgMNjbZC8JRpzxTB6Jh8KAeZPXf5lLKUwH3kX44=
81,1,1,Giant,Trolls,dies,0,64,0,0,0,0,0,15,0,15,109,110,28,20,40,20,20,20,20,34,34,15,0,17,0,0,0,0,0,0,0,0,0,0,2,1,1,0,0,0,0,80,0,0,0,0,1,266,404,0,0,0,0,50,50,0,0,0,0,0,0,0,0,0,0,0,0,0,0,0,0,8,3wEe9BT/F7A9nivt7d8d38trfvtspv4S4lLTfdsMSqg=
82,2,1,Small Green Dragon,,is slain,0,128,0,0,0,0,0,68,0,68,54,57,60,20,60,70,70,45,40,68,68,34,34,255,34,34,34,34,34,34,0,0,0,0,0,0,0,0,0,0,0,200,200,200,30,10,1,271,281,282,0,0,0,33,33,33,0,0,0,0,0,0,0,0,0,0,0,0,0,0,0,8,11nLm4OsUtoifJQPqOiFzrfRdZBIuNbuqKxqQrpfVzY=
83,1,1,Noble Woman,Novices,swears vengeance,0,128,0,0,0,0,0,8,0,8,15,15,15,15,15,15,15,15,15,17,17,0,0,17,0,0,0,0,0,0,0,0,0,0,0,1,1,0,1,0,0,43,0,0,0,0,1,392,0,0,0,0,0,100,0,0,0,0,0,0,0,0,0,0,0,0,0,0,0,0,0,4,xSnSkYIuQc1DTMVCOY/xLVhuP1O2UyhSHJBGh7FgHrI=
84,1,1,Cutthroat,Thieves,will plague@this world no longer,0,128,0,0,0,0,0,35,0,0,27,28,12,12,12,12,12,12,12,19,19,0,0,18,0,0,0,0,0,0,0,0,0,0,0,0,1,1,1,2,0,60,10,2,3,1,1,184,0,0,0,0,0,16,0,0,0,0,0,16,0,0,0,0,0,0,0,0,0,0,0,2,LvCHJQi2FcOpF8Nkho9wnK7F2aIZRNoOCru0NUp3f5o=
85,1,4,Brigand,Brigands,dies,0,128,0,0,0,0,0,27,0,0,27,28,12,12,12,12,12,12,12,19,19,0,0,18,0,0,0,0,0,0,0,0,0,0,0,0,1,1,1,2,0,60,10,2,3,1,1,217,257,0,0,0,0,50,50,0,0,0,0,0,0,0,0,0,0,0,0,0,0,0,0,4,wc1w1ZHucJxWg/pSwB3+ox76EHmZj4hVg3JD090eVXw=
86,1,3,Master Thief,Thieves,will plague@this world no longer,0,128,0,0,0,0,0,45,0,0,27,28,12,12,12,12,12,12,12,19,19,0,0,18,0,0,0,0,0,0,0,0,0,0,0,0,1,1,1,2,0,60,10,2,3,1,1,355,356,357,358,359,360,30,20,20,10,10,10,0,0,0,0,0,0,0,0,0,0,0,0,2,KjrvTWI4q09vHIlCju/+CIWde+iL+ijbwq18L08b8lE=
87,1,3,NoBodyHere,Nobody,NobodyHere,0,128,0,0,0,0,0,0,0,0,27,28,12,12,12,12,12,12,12,19,19,0,0,18,0,0,0,0,0,0,0,0,0,0,0,0,1,1,1,2,0,60,10,2,3,1,1,355,356,357,358,359,360,30,20,20,10,10,10,0,0,0,0,0,0,0,0,0,0,0,0,2,s6/PQDdcGVL4jSLoKksRE51UwY1xPZYHh+srHYxpiU8=